"species","method","accuracy","pa"
"Acrocephalus_palustris","A",0.524987457079542,"abu"
"Acrocephalus_schoenobaenus","A",0.231501819026631,"abu"
"Acrocephalus_scirpaceus","A",0.315910331624223,"abu"
"Actitis_hypoleucos","A",0.291589359170727,"abu"
"Aegithalos_caudatus","A",0.401595759938437,"abu"
"Alauda_arvensis","A",0.671746130376395,"abu"
"Anas_crecca","A",0.240494789568931,"abu"
"Anas_platyrhynchos","A",0.509258205485365,"abu"
"Anser_anser","A",0.378887449496853,"abu"
"Anthus_pratensis","A",0.7724915000467,"abu"
"Anthus_trivialis","A",0.623872551375215,"abu"
"Apus_apus","A",0.448396213519839,"abu"
"Ardea_cinerea","A",0.318125626949877,"abu"
"Aythya_fuligula","A",0.394343003596048,"abu"
"Bonasa_bonasia","A",0.158520518434291,"abu"
"Branta_canadensis","A",0.401165760139696,"abu"
"Bucephala_clangula","A",0.337711875834945,"abu"
"Buteo_buteo","A",0.3182814858052,"abu"
"Carduelis_cannabina","A",0.50293887474155,"abu"
"Carduelis_carduelis","A",0.265163095311797,"abu"
"Carduelis_chloris","A",0.504613601329674,"abu"
"Carduelis_flammea","A",0.356005001304742,"abu"
"Carduelis_spinus","A",0.424286943849015,"abu"
"Carpodacus_erythrinus","A",0.331160116641159,"abu"
"Certhia_familiaris","A",0.37779106790681,"abu"
"Coccothraustes_coccothraustes","A",0.285055351056516,"abu"
"Columba_livia","A",0.37035143363532,"abu"
"Columba_oenas","A",0.279928386834582,"abu"
"Columba_palumbus","A",0.726097520501508,"abu"
"Corvus_corax","A",0.181234001565463,"abu"
"Corvus_corone","A",0.72741800841315,"abu"
"Corvus_monedula","A",0.658453378076063,"abu"
"Cuculus_canorus","A",0.104250322257533,"abu"
"Cygnus_cygnus","A",0.443321710027363,"abu"
"Cygnus_olor","A",0.540766384614005,"abu"
"Delichon_urbicum","A",0.351002457157779,"abu"
"Dendrocopos_major","A",0.360389918309518,"abu"
"Dryocopus_martius","A",0.204851306337171,"abu"
"Emberiza_citrinella","A",0.500977476024891,"abu"
"Emberiza_rustica","A",0.375951215299529,"abu"
"Emberiza_schoeniclus","A",0.330672064054935,"abu"
"Erithacus_rubecula","A",0.667735866402375,"abu"
"Falco_tinnunculus","A",0.254182288672448,"abu"
"Ficedula_hypoleuca","A",0.320109202676522,"abu"
"Fringilla_coelebs","A",0.749201310286157,"abu"
"Fringilla_montifringilla","A",0.671544676077673,"abu"
"Fulica_atra","A",0.368717787491649,"abu"
"Gallinago_gallinago","A",0.236328654541591,"abu"
"Garrulus_glandarius","A",0.431730005117966,"abu"
"Gavia_arctica","A",0.245810942705364,"abu"
"Gavia_stellata","A",0.175632975656947,"abu"
"Grus_grus","A",0.316677285184448,"abu"
"Haematopus_ostralegus","A",0.492984253943072,"abu"
"Hippolais_icterina","A",0.376416734629979,"abu"
"Hirundo_rustica","A",0.532120222293966,"abu"
"Jynx_torquilla","A",0.148297491392017,"abu"
"Lagopus_lagopus","A",0.351799333958293,"abu"
"Lanius_collurio","A",0.102939515562657,"abu"
"Larus_argentatus","A",0.465053187686571,"abu"
"Larus_canus","A",0.519802702341272,"abu"
"Larus_marinus","A",0.491281000828358,"abu"
"Larus_ridibundus","A",0.47711925199764,"abu"
"Loxia_curvirostra","A",0.280235320396921,"abu"
"Loxia_pytyopsittacus","A",0.254334438286139,"abu"
"Lullula_arborea","A",0.268204099810713,"abu"
"Luscinia_luscinia","A",0.52667465430329,"abu"
"Luscinia_svecica","A",0.440803197661651,"abu"
"Mergus_merganser","A",0.474665964678987,"abu"
"Motacilla_alba","A",0.603269673623284,"abu"
"Motacilla_flava","A",0.463747411676163,"abu"
"Muscicapa_striata","A",0.393785594093554,"abu"
"Numenius_arquata","A",0.649943617903653,"abu"
"Numenius_phaeopus","A",0.224009445690337,"abu"
"Oenanthe_oenanthe","A",0.641251604909291,"abu"
"Pandion_haliaetus","A",0.106508685975772,"abu"
"Parus_ater","A",0.397590744035038,"abu"
"Parus_caeruleus","A",0.45918459643632,"abu"
"Parus_cristatus","A",0.304589265823128,"abu"
"Parus_major","A",0.72688988381525,"abu"
"Parus_montanus","A",0.269162717063696,"abu"
"Parus_palustris","A",0.102364242268137,"abu"
"Passer_domesticus","A",0.439608619416292,"abu"
"Passer_montanus","A",0.429820792167241,"abu"
"Perisoreus_infaustus","A",0.459184249322492,"abu"
"Phalacrocorax_carbo","A",0.411007995595907,"abu"
"Phasianus_colchicus","A",0.460967086024335,"abu"
"Phoenicurus_phoenicurus","A",0.428088580046109,"abu"
"Phylloscopus_collybita","A",0.17152606148706,"abu"
"Phylloscopus_sibilatrix","A",0.422755796665534,"abu"
"Phylloscopus_trochilus","A",0.475249714286209,"abu"
"Pica_pica","A",0.539025925112227,"abu"
"Picus_viridis","A",0.172649561497652,"abu"
"Pluvialis_apricaria","A",0.650332007546258,"abu"
"Podiceps_cristatus","A",0.250308084657013,"abu"
"Prunella_modularis","A",0.350875406490345,"abu"
"Pyrrhula_pyrrhula","A",0.0848591710290117,"abu"
"Regulus_regulus","A",0.563453908645362,"abu"
"Saxicola_rubetra","A",0.410065259066733,"abu"
"Scolopax_rusticola","A",0.128847022693879,"abu"
"Sitta_europaea","A",0.312725940274246,"abu"
"Sterna_hirundo","A",0.42980286529164,"abu"
"Sturnus_vulgaris","A",0.539223270337609,"abu"
"Sylvia_atricapilla","A",0.640213876045031,"abu"
"Sylvia_borin","A",0.517441964753603,"abu"
"Sylvia_communis","A",0.631964476052461,"abu"
"Sylvia_curruca","A",0.36191587378815,"abu"
"Tetrao_tetrix","A",0.132944476057529,"abu"
"Tetrao_urogallus","A",0.205231063293779,"abu"
"Tringa_glareola","A",0.533296313391575,"abu"
"Tringa_nebularia","A",0.36144656506122,"abu"
"Tringa_ochropus","A",0.36363558934359,"abu"
"Tringa_totanus","A",0.270687339162236,"abu"
"Troglodytes_troglodytes","A",0.595996573041546,"abu"
"Turdus_iliacus","A",0.388155971277136,"abu"
"Turdus_merula","A",0.741791022388532,"abu"
"Turdus_philomelos","A",0.572487445568685,"abu"
"Turdus_pilaris","A",0.500105434300658,"abu"
"Turdus_torquatus","A",0.34267393727132,"abu"
"Turdus_viscivorus","A",0.333834330330726,"abu"
"Vanellus_vanellus","A",0.508077304008738,"abu"
"Acrocephalus_palustris","B",0.393761958629653,"abu"
"Acrocephalus_schoenobaenus","B",0.138659378012143,"abu"
"Acrocephalus_scirpaceus","B",0.094009431659871,"abu"
"Actitis_hypoleucos","B",0.0593447406205058,"abu"
"Aegithalos_caudatus","B",0.207514774630336,"abu"
"Alauda_arvensis","B",0.649974719083446,"abu"
"Anas_crecca","B",-0.00281388077381685,"abu"
"Anas_platyrhynchos","B",0.448092978452069,"abu"
"Anser_anser","B",0.324876985437465,"abu"
"Anthus_pratensis","B",0.717583082306238,"abu"
"Anthus_trivialis","B",0.587841272241944,"abu"
"Apus_apus","B",0.425409404930163,"abu"
"Ardea_cinerea","B",0.253206672876739,"abu"
"Aythya_fuligula","B",0.294091127276175,"abu"
"Bonasa_bonasia","B",-0.0413247393208964,"abu"
"Branta_canadensis","B",0.295528490913451,"abu"
"Bucephala_clangula","B",0.261826765891231,"abu"
"Buteo_buteo","B",0.252537936517758,"abu"
"Carduelis_cannabina","B",0.471164424194873,"abu"
"Carduelis_carduelis","B",0.17914825738942,"abu"
"Carduelis_chloris","B",0.387552379582914,"abu"
"Carduelis_flammea","B",0.314087348002538,"abu"
"Carduelis_spinus","B",0.393621090809711,"abu"
"Carpodacus_erythrinus","B",0.24115909197915,"abu"
"Certhia_familiaris","B",0.282458719256443,"abu"
"Coccothraustes_coccothraustes","B",0.0598234031678972,"abu"
"Columba_livia","B",0.417493747542095,"abu"
"Columba_oenas","B",0.179899991938881,"abu"
"Columba_palumbus","B",0.627707462968356,"abu"
"Corvus_corax","B",0.149060620793405,"abu"
"Corvus_corone","B",0.704978345488285,"abu"
"Corvus_monedula","B",0.62435952204021,"abu"
"Cuculus_canorus","B",-0.0571736401109262,"abu"
"Cygnus_cygnus","B",0.196641110557276,"abu"
"Cygnus_olor","B",0.517563091887665,"abu"
"Delichon_urbicum","B",0.312964540007897,"abu"
"Dendrocopos_major","B",0.207355488604821,"abu"
"Dryocopus_martius","B",0.132043608758137,"abu"
"Emberiza_citrinella","B",0.433037440197667,"abu"
"Emberiza_rustica","B",0.255978196807196,"abu"
"Emberiza_schoeniclus","B",0.269092945698865,"abu"
"Erithacus_rubecula","B",0.590161995549486,"abu"
"Falco_tinnunculus","B",0.230911608674334,"abu"
"Ficedula_hypoleuca","B",0.157088964390052,"abu"
"Fringilla_coelebs","B",0.73048866439207,"abu"
"Fringilla_montifringilla","B",0.601074110965911,"abu"
"Fulica_atra","B",0.115160654892154,"abu"
"Gallinago_gallinago","B",0.122741477421064,"abu"
"Garrulus_glandarius","B",0.308169901537689,"abu"
"Gavia_arctica","B",0.219883412947795,"abu"
"Gavia_stellata","B",0.191973373929864,"abu"
"Grus_grus","B",0.249294059643163,"abu"
"Haematopus_ostralegus","B",0.443824069461081,"abu"
"Hippolais_icterina","B",0.317549758301561,"abu"
"Hirundo_rustica","B",0.456495004152504,"abu"
"Jynx_torquilla","B",0.0966262213311228,"abu"
"Lagopus_lagopus","B",0.147803853403935,"abu"
"Lanius_collurio","B",-0.00716445855060586,"abu"
"Larus_argentatus","B",0.407749401663901,"abu"
"Larus_canus","B",0.413398754214217,"abu"
"Larus_marinus","B",0.46986550475705,"abu"
"Larus_ridibundus","B",0.431436056033473,"abu"
"Loxia_curvirostra","B",0.19705796661302,"abu"
"Loxia_pytyopsittacus","B",0.122068655596962,"abu"
"Lullula_arborea","B",0.110943890541052,"abu"
"Luscinia_luscinia","B",0.450960127749051,"abu"
"Luscinia_svecica","B",0.147604040320099,"abu"
"Mergus_merganser","B",0.410396727502165,"abu"
"Motacilla_alba","B",0.546638009238411,"abu"
"Motacilla_flava","B",0.333759468005262,"abu"
"Muscicapa_striata","B",0.348310020838921,"abu"
"Numenius_arquata","B",0.599316075526267,"abu"
"Numenius_phaeopus","B",0.0713480663365771,"abu"
"Oenanthe_oenanthe","B",0.628786978193813,"abu"
"Pandion_haliaetus","B",-0.00270681492839558,"abu"
"Parus_ater","B",0.337598517073186,"abu"
"Parus_caeruleus","B",0.323824002551524,"abu"
"Parus_cristatus","B",0.256500222624607,"abu"
"Parus_major","B",0.54981940567194,"abu"
"Parus_montanus","B",0.248418917168723,"abu"
"Parus_palustris","B",0.0435381084179023,"abu"
"Passer_domesticus","B",0.334883422390775,"abu"
"Passer_montanus","B",0.381466955720306,"abu"
"Perisoreus_infaustus","B",0.251372847519161,"abu"
"Phalacrocorax_carbo","B",0.235310170268327,"abu"
"Phasianus_colchicus","B",0.4327388067855,"abu"
"Phoenicurus_phoenicurus","B",0.365436289129955,"abu"
"Phylloscopus_collybita","B",0.00102570363932235,"abu"
"Phylloscopus_sibilatrix","B",0.417176654174372,"abu"
"Phylloscopus_trochilus","B",0.420953236443641,"abu"
"Pica_pica","B",0.467111292618613,"abu"
"Picus_viridis","B",0.115526966307764,"abu"
"Pluvialis_apricaria","B",0.572060599927057,"abu"
"Podiceps_cristatus","B",0.140311153893309,"abu"
"Prunella_modularis","B",0.345507212533673,"abu"
"Pyrrhula_pyrrhula","B",-0.0730131358736041,"abu"
"Regulus_regulus","B",0.527920869615906,"abu"
"Saxicola_rubetra","B",0.393548812299557,"abu"
"Scolopax_rusticola","B",0.0350838857924409,"abu"
"Sitta_europaea","B",0.262477709063665,"abu"
"Sterna_hirundo","B",0.300361586528408,"abu"
"Sturnus_vulgaris","B",0.506082799418929,"abu"
"Sylvia_atricapilla","B",0.473402271622617,"abu"
"Sylvia_borin","B",0.374526314641144,"abu"
"Sylvia_communis","B",0.567362918834941,"abu"
"Sylvia_curruca","B",0.258991133082483,"abu"
"Tetrao_tetrix","B",0.0687215666497103,"abu"
"Tetrao_urogallus","B",0.130770393291804,"abu"
"Tringa_glareola","B",0.404954650823826,"abu"
"Tringa_nebularia","B",0.189066055947759,"abu"
"Tringa_ochropus","B",0.306438440531778,"abu"
"Tringa_totanus","B",0.076193648616118,"abu"
"Troglodytes_troglodytes","B",0.512210905010639,"abu"
"Turdus_iliacus","B",0.232999076160252,"abu"
"Turdus_merula","B",0.697466592060429,"abu"
"Turdus_philomelos","B",0.466460131927501,"abu"
"Turdus_pilaris","B",0.424502759910263,"abu"
"Turdus_torquatus","B",0.222469062008051,"abu"
"Turdus_viscivorus","B",0.171443779453434,"abu"
"Vanellus_vanellus","B",0.445534889513146,"abu"
"Acrocephalus_palustris","C",0.119209287723029,"abu"
"Acrocephalus_schoenobaenus","C",0.248753254339514,"abu"
"Acrocephalus_scirpaceus","C",-0.139603935338712,"abu"
"Actitis_hypoleucos","C",-0.0582367767683079,"abu"
"Aegithalos_caudatus","C",0.37302464556386,"abu"
"Alauda_arvensis","C",-0.0357160166740629,"abu"
"Anas_crecca","C",-0.0896193236673048,"abu"
"Anas_platyrhynchos","C",0.120693277081473,"abu"
"Anser_anser","C",-0.274689818811773,"abu"
"Anthus_pratensis","C",0.36223486092335,"abu"
"Anthus_trivialis","C",-0.0281318143012389,"abu"
"Apus_apus","C",0.089838066382909,"abu"
"Ardea_cinerea","C",0.0936438839275085,"abu"
"Aythya_fuligula","C",-0.420687149028498,"abu"
"Bonasa_bonasia","C",NA,"abu"
"Branta_canadensis","C",0.0140720653903593,"abu"
"Bucephala_clangula","C",0.0899897541117499,"abu"
"Buteo_buteo","C",-0.0591458221456251,"abu"
"Carduelis_cannabina","C",0.017006669719409,"abu"
"Carduelis_carduelis","C",-0.189288177921126,"abu"
"Carduelis_chloris","C",0.191246453097943,"abu"
"Carduelis_flammea","C",0.0176171189991434,"abu"
"Carduelis_spinus","C",-0.0387354845354739,"abu"
"Carpodacus_erythrinus","C",-0.313890223243026,"abu"
"Certhia_familiaris","C",-0.198013065035827,"abu"
"Coccothraustes_coccothraustes","C",0.14564024602542,"abu"
"Columba_livia","C",-0.0356629964015291,"abu"
"Columba_oenas","C",-0.168280361898223,"abu"
"Columba_palumbus","C",-0.146488962893211,"abu"
"Corvus_corax","C",0.0108897418733092,"abu"
"Corvus_corone","C",-0.141986942309875,"abu"
"Corvus_monedula","C",0.0146296585785747,"abu"
"Cuculus_canorus","C",0.00639435848663199,"abu"
"Cygnus_cygnus","C",0.158466851287261,"abu"
"Cygnus_olor","C",-0.0424595399370756,"abu"
"Delichon_urbicum","C",0.171761365596334,"abu"
"Dendrocopos_major","C",-0.0335611037292508,"abu"
"Dryocopus_martius","C",0.158767933370334,"abu"
"Emberiza_citrinella","C",0.0506031059770598,"abu"
"Emberiza_rustica","C",NA,"abu"
"Emberiza_schoeniclus","C",0.283178749286057,"abu"
"Erithacus_rubecula","C",0.0697277693580808,"abu"
"Falco_tinnunculus","C",0.714374578878406,"abu"
"Ficedula_hypoleuca","C",0.0912528083735569,"abu"
"Fringilla_coelebs","C",-0.029482269538056,"abu"
"Fringilla_montifringilla","C",-0.163876407387497,"abu"
"Fulica_atra","C",0.343689650951327,"abu"
"Gallinago_gallinago","C",0.0477516360517415,"abu"
"Garrulus_glandarius","C",-0.0193868570835592,"abu"
"Gavia_arctica","C",0.0367194690518594,"abu"
"Gavia_stellata","C",-0.120217687596214,"abu"
"Grus_grus","C",-0.0126494120224849,"abu"
"Haematopus_ostralegus","C",-0.0736685723979859,"abu"
"Hippolais_icterina","C",-0.0460531565181622,"abu"
"Hirundo_rustica","C",0.0164611958203419,"abu"
"Jynx_torquilla","C",0.0176833253973893,"abu"
"Lagopus_lagopus","C",-0.102742086347712,"abu"
"Lanius_collurio","C",-0.130481895206437,"abu"
"Larus_argentatus","C",-0.100597015441617,"abu"
"Larus_canus","C",0.0619187656296379,"abu"
"Larus_marinus","C",0.348438745415688,"abu"
"Larus_ridibundus","C",0.0120750900955271,"abu"
"Loxia_curvirostra","C",0.198854907957477,"abu"
"Loxia_pytyopsittacus","C",-0.359938250672171,"abu"
"Lullula_arborea","C",-0.542811979365859,"abu"
"Luscinia_luscinia","C",0.201067852115345,"abu"
"Luscinia_svecica","C",-0.259582690617223,"abu"
"Mergus_merganser","C",-0.158148237784676,"abu"
"Motacilla_alba","C",-0.113803143845094,"abu"
"Motacilla_flava","C",0.223389835575138,"abu"
"Muscicapa_striata","C",-0.110115230894958,"abu"
"Numenius_arquata","C",0.071174371241677,"abu"
"Numenius_phaeopus","C",-0.210312238782162,"abu"
"Oenanthe_oenanthe","C",-0.0870063326572049,"abu"
"Pandion_haliaetus","C",-0.0979074328756726,"abu"
"Parus_ater","C",-0.0529428481872103,"abu"
"Parus_caeruleus","C",-0.0237662266101351,"abu"
"Parus_cristatus","C",0.0872949605564751,"abu"
"Parus_major","C",0.0819963405905156,"abu"
"Parus_montanus","C",-0.21282424613876,"abu"
"Parus_palustris","C",0.129029042205353,"abu"
"Passer_domesticus","C",0.195422192806587,"abu"
"Passer_montanus","C",0.137858014966484,"abu"
"Perisoreus_infaustus","C",0.0430968307389151,"abu"
"Phalacrocorax_carbo","C",0.32682415393396,"abu"
"Phasianus_colchicus","C",-0.00144367316223196,"abu"
"Phoenicurus_phoenicurus","C",0.0794915306018606,"abu"
"Phylloscopus_collybita","C",-0.16025292501636,"abu"
"Phylloscopus_sibilatrix","C",-0.109504910588141,"abu"
"Phylloscopus_trochilus","C",-0.108554562628523,"abu"
"Pica_pica","C",-0.0143133554650195,"abu"
"Picus_viridis","C",0.0702391127481996,"abu"
"Pluvialis_apricaria","C",0.0810569450810746,"abu"
"Podiceps_cristatus","C",-0.202512160607257,"abu"
"Prunella_modularis","C",-0.0228236119879249,"abu"
"Pyrrhula_pyrrhula","C",0.0546312787679313,"abu"
"Regulus_regulus","C",0.154531791131241,"abu"
"Saxicola_rubetra","C",0.186972151122026,"abu"
"Scolopax_rusticola","C",0.646717223155989,"abu"
"Sitta_europaea","C",0.128207598772756,"abu"
"Sterna_hirundo","C",-0.00277772145405395,"abu"
"Sturnus_vulgaris","C",-0.185883296185533,"abu"
"Sylvia_atricapilla","C",-0.0918371738875802,"abu"
"Sylvia_borin","C",0.00193148074157068,"abu"
"Sylvia_communis","C",-0.165191632809604,"abu"
"Sylvia_curruca","C",0.115632502776307,"abu"
"Tetrao_tetrix","C",0.0515721683576325,"abu"
"Tetrao_urogallus","C",0.338839766233785,"abu"
"Tringa_glareola","C",0.231088600712935,"abu"
"Tringa_nebularia","C",0.109831154434735,"abu"
"Tringa_ochropus","C",0.0998065196566177,"abu"
"Tringa_totanus","C",-0.234726253925325,"abu"
"Troglodytes_troglodytes","C",0.126944731264741,"abu"
"Turdus_iliacus","C",-0.237332223892337,"abu"
"Turdus_merula","C",0.0165496610150395,"abu"
"Turdus_philomelos","C",-0.0202317025341224,"abu"
"Turdus_pilaris","C",-0.00593939198126307,"abu"
"Turdus_torquatus","C",-0.0755531319303834,"abu"
"Turdus_viscivorus","C",-0.0752884229798682,"abu"
"Vanellus_vanellus","C",-0.116729949649281,"abu"
"Acrocephalus_palustris","D",0.226711970612743,"abu"
"Acrocephalus_schoenobaenus","D",0.15105376729192,"abu"
"Acrocephalus_scirpaceus","D",-0.137016370648838,"abu"
"Actitis_hypoleucos","D",-0.133877855846498,"abu"
"Aegithalos_caudatus","D",-0.496564758348371,"abu"
"Alauda_arvensis","D",0.0283228332389176,"abu"
"Anas_crecca","D",-0.234502980932412,"abu"
"Anas_platyrhynchos","D",0.0152379625443545,"abu"
"Anser_anser","D",-0.312550827408026,"abu"
"Anthus_pratensis","D",0.38226381883267,"abu"
"Anthus_trivialis","D",-0.0171099075880009,"abu"
"Apus_apus","D",-0.0462060702307741,"abu"
"Ardea_cinerea","D",0.101484009625355,"abu"
"Aythya_fuligula","D",0.0152449332228899,"abu"
"Bonasa_bonasia","D",NA,"abu"
"Branta_canadensis","D",0.0258148766327718,"abu"
"Bucephala_clangula","D",-0.0999761892154252,"abu"
"Buteo_buteo","D",-0.0502353049399902,"abu"
"Carduelis_cannabina","D",-0.0183165145410567,"abu"
"Carduelis_carduelis","D",0.15077834710883,"abu"
"Carduelis_chloris","D",0.0365591769704673,"abu"
"Carduelis_flammea","D",-0.050461000478899,"abu"
"Carduelis_spinus","D",-0.0111215463897976,"abu"
"Carpodacus_erythrinus","D",-0.352324917194561,"abu"
"Certhia_familiaris","D",-0.176460720318899,"abu"
"Coccothraustes_coccothraustes","D",0.0711139133589123,"abu"
"Columba_livia","D",0.29397173200767,"abu"
"Columba_oenas","D",-0.0737304628100093,"abu"
"Columba_palumbus","D",-0.127080806992047,"abu"
"Corvus_corax","D",0.000417780148108148,"abu"
"Corvus_corone","D",-0.126475079583308,"abu"
"Corvus_monedula","D",-0.0159134175534168,"abu"
"Cuculus_canorus","D",-0.0144264623641902,"abu"
"Cygnus_cygnus","D",-0.169487362644119,"abu"
"Cygnus_olor","D",-0.0305774102303196,"abu"
"Delichon_urbicum","D",0.0627006483987799,"abu"
"Dendrocopos_major","D",0.0551601948636933,"abu"
"Dryocopus_martius","D",0.115394793394524,"abu"
"Emberiza_citrinella","D",-0.0716775333689453,"abu"
"Emberiza_rustica","D",NA,"abu"
"Emberiza_schoeniclus","D",0.200221566939067,"abu"
"Erithacus_rubecula","D",0.0522691711930274,"abu"
"Falco_tinnunculus","D",0.628706448545385,"abu"
"Ficedula_hypoleuca","D",0.10376266811827,"abu"
"Fringilla_coelebs","D",0.0223225806755558,"abu"
"Fringilla_montifringilla","D",-0.15071153638817,"abu"
"Fulica_atra","D",0.259295078154608,"abu"
"Gallinago_gallinago","D",0.0723872245020703,"abu"
"Garrulus_glandarius","D",-0.0282206071840073,"abu"
"Gavia_arctica","D",-0.119247233004938,"abu"
"Gavia_stellata","D",-0.177127714417601,"abu"
"Grus_grus","D",-0.0289255278375911,"abu"
"Haematopus_ostralegus","D",0.084595137996775,"abu"
"Hippolais_icterina","D",0.115206434690467,"abu"
"Hirundo_rustica","D",0.0919223426982046,"abu"
"Jynx_torquilla","D",-0.160909375276433,"abu"
"Lagopus_lagopus","D",-0.131054023821407,"abu"
"Lanius_collurio","D",-0.0306545615480007,"abu"
"Larus_argentatus","D",-0.0628000463089813,"abu"
"Larus_canus","D",0.0247738246012739,"abu"
"Larus_marinus","D",0.300307558960468,"abu"
"Larus_ridibundus","D",-0.115196347635201,"abu"
"Loxia_curvirostra","D",0.185917673750386,"abu"
"Loxia_pytyopsittacus","D",-0.446323822432946,"abu"
"Lullula_arborea","D",-0.419655466436539,"abu"
"Luscinia_luscinia","D",0.169302510094623,"abu"
"Luscinia_svecica","D",0.0549986672034442,"abu"
"Mergus_merganser","D",-0.0276017929526806,"abu"
"Motacilla_alba","D",-0.118568368818049,"abu"
"Motacilla_flava","D",0.228247672516186,"abu"
"Muscicapa_striata","D",0.00303347545033786,"abu"
"Numenius_arquata","D",0.09534207460378,"abu"
"Numenius_phaeopus","D",-0.243571485365708,"abu"
"Oenanthe_oenanthe","D",-0.111192330097519,"abu"
"Pandion_haliaetus","D",-0.145769815223741,"abu"
"Parus_ater","D",-0.0735444772063109,"abu"
"Parus_caeruleus","D",0.0743097119038112,"abu"
"Parus_cristatus","D",0.203826971582495,"abu"
"Parus_major","D",0.0612189094020956,"abu"
"Parus_montanus","D",-0.275397179423233,"abu"
"Parus_palustris","D",0.0515343307090022,"abu"
"Passer_domesticus","D",0.147937307520322,"abu"
"Passer_montanus","D",0.268509058440135,"abu"
"Perisoreus_infaustus","D",-0.280937147658818,"abu"
"Phalacrocorax_carbo","D",0.219766544514939,"abu"
"Phasianus_colchicus","D",-0.0401098830959618,"abu"
"Phoenicurus_phoenicurus","D",0.088917254547897,"abu"
"Phylloscopus_collybita","D",-0.249304979644372,"abu"
"Phylloscopus_sibilatrix","D",-0.123210708389803,"abu"
"Phylloscopus_trochilus","D",0.0277430430424986,"abu"
"Pica_pica","D",0.073552799870803,"abu"
"Picus_viridis","D",0.0574479573639299,"abu"
"Pluvialis_apricaria","D",0.176700435337684,"abu"
"Podiceps_cristatus","D",-0.241574395709766,"abu"
"Prunella_modularis","D",-0.0157156261626832,"abu"
"Pyrrhula_pyrrhula","D",-0.0209661021523895,"abu"
"Regulus_regulus","D",0.164272818478816,"abu"
"Saxicola_rubetra","D",0.186707688137786,"abu"
"Scolopax_rusticola","D",0.479926762231676,"abu"
"Sitta_europaea","D",0.128949265394437,"abu"
"Sterna_hirundo","D",0.140579958293745,"abu"
"Sturnus_vulgaris","D",-0.14084699419255,"abu"
"Sylvia_atricapilla","D",-0.0719211185521321,"abu"
"Sylvia_borin","D",0.0174653467750922,"abu"
"Sylvia_communis","D",-0.16523002274738,"abu"
"Sylvia_curruca","D",0.127701448776893,"abu"
"Tetrao_tetrix","D",-0.0236278380426957,"abu"
"Tetrao_urogallus","D",0.277734191220353,"abu"
"Tringa_glareola","D",0.219485336483279,"abu"
"Tringa_nebularia","D",-0.298521294443788,"abu"
"Tringa_ochropus","D",0.127599086703649,"abu"
"Tringa_totanus","D",-0.269497996819226,"abu"
"Troglodytes_troglodytes","D",0.0967402900441379,"abu"
"Turdus_iliacus","D",0.013082445904654,"abu"
"Turdus_merula","D",0.00113126065332465,"abu"
"Turdus_philomelos","D",-0.023669728787174,"abu"
"Turdus_pilaris","D",0.0515114507802573,"abu"
"Turdus_torquatus","D",0.162342153426188,"abu"
"Turdus_viscivorus","D",0.0836657622051993,"abu"
"Vanellus_vanellus","D",-0.239425440018951,"abu"
"Acrocephalus_palustris","A",0.620459401515052,"pa"
"Acrocephalus_schoenobaenus","A",0.37736003038147,"pa"
"Acrocephalus_scirpaceus","A",0.51412548065146,"pa"
"Actitis_hypoleucos","A",0.167240480251189,"pa"
"Aegithalos_caudatus","A",0.36369967946654,"pa"
"Alauda_arvensis","A",0.799470132164645,"pa"
"Anas_crecca","A",0.20158627498403,"pa"
"Anas_platyrhynchos","A",0.613888289612464,"pa"
"Anser_anser","A",0.555685279965883,"pa"
"Anthus_pratensis","A",0.733822710449765,"pa"
"Anthus_trivialis","A",0.699638353613341,"pa"
"Apus_apus","A",0.666889005582651,"pa"
"Ardea_cinerea","A",0.50460913564835,"pa"
"Aythya_fuligula","A",0.284722349235742,"pa"
"Bonasa_bonasia","A",0.490127211039132,"pa"
"Branta_canadensis","A",0.468795741445561,"pa"
"Bucephala_clangula","A",0.375371754160949,"pa"
"Buteo_buteo","A",0.663991159708378,"pa"
"Carduelis_cannabina","A",0.688945146694404,"pa"
"Carduelis_carduelis","A",0.646645612788975,"pa"
"Carduelis_chloris","A",0.745168885421099,"pa"
"Carduelis_flammea","A",0.616004263064978,"pa"
"Carduelis_spinus","A",0.580708539764347,"pa"
"Carpodacus_erythrinus","A",0.43456043799009,"pa"
"Certhia_familiaris","A",0.62995543140802,"pa"
"Coccothraustes_coccothraustes","A",0.4911926223294,"pa"
"Columba_livia","A",0.570959585403961,"pa"
"Columba_oenas","A",0.527330806089991,"pa"
"Columba_palumbus","A",0.852442628707617,"pa"
"Corvus_corax","A",0.276118270578469,"pa"
"Corvus_corone","A",0.659866035922212,"pa"
"Corvus_monedula","A",0.803075270794269,"pa"
"Cuculus_canorus","A",0.272666622528764,"pa"
"Cygnus_cygnus","A",0.453214233345097,"pa"
"Cygnus_olor","A",0.666490113828733,"pa"
"Delichon_urbicum","A",0.532456558062294,"pa"
"Dendrocopos_major","A",0.755739489637731,"pa"
"Dryocopus_martius","A",0.6323483676659,"pa"
"Emberiza_citrinella","A",0.788065083863723,"pa"
"Emberiza_rustica","A",0.475560159289797,"pa"
"Emberiza_schoeniclus","A",0.340250429242174,"pa"
"Erithacus_rubecula","A",0.779124333355505,"pa"
"Falco_tinnunculus","A",0.238540786766722,"pa"
"Ficedula_hypoleuca","A",0.628478632174377,"pa"
"Fringilla_coelebs","A",0.834088342471138,"pa"
"Fringilla_montifringilla","A",0.774207565547732,"pa"
"Fulica_atra","A",0.470888752105658,"pa"
"Gallinago_gallinago","A",0.321928836145426,"pa"
"Garrulus_glandarius","A",0.719559066125254,"pa"
"Gavia_arctica","A",0.299328442926484,"pa"
"Gavia_stellata","A",0.215979994794931,"pa"
"Grus_grus","A",0.549341613886243,"pa"
"Haematopus_ostralegus","A",0.644792666183851,"pa"
"Hippolais_icterina","A",0.567624271355702,"pa"
"Hirundo_rustica","A",0.746924595388734,"pa"
"Jynx_torquilla","A",0.321931208445386,"pa"
"Lagopus_lagopus","A",0.530673619962812,"pa"
"Lanius_collurio","A",0.519603993305469,"pa"
"Larus_argentatus","A",0.611403593500799,"pa"
"Larus_canus","A",0.473541324769048,"pa"
"Larus_marinus","A",0.681704024855745,"pa"
"Larus_ridibundus","A",0.627942842630913,"pa"
"Loxia_curvirostra","A",0.642446967780811,"pa"
"Loxia_pytyopsittacus","A",0.34395426409134,"pa"
"Lullula_arborea","A",0.342778691192089,"pa"
"Luscinia_luscinia","A",0.682038766323843,"pa"
"Luscinia_svecica","A",0.719676793413669,"pa"
"Mergus_merganser","A",0.355823490400544,"pa"
"Motacilla_alba","A",0.760611004647182,"pa"
"Motacilla_flava","A",0.608376859136029,"pa"
"Muscicapa_striata","A",0.538373999128279,"pa"
"Numenius_arquata","A",0.383439974354385,"pa"
"Numenius_phaeopus","A",0.478231183834635,"pa"
"Oenanthe_oenanthe","A",0.682401335477129,"pa"
"Pandion_haliaetus","A",0.232864406963307,"pa"
"Parus_ater","A",0.62819146827811,"pa"
"Parus_caeruleus","A",0.819678156965816,"pa"
"Parus_cristatus","A",0.652059018313997,"pa"
"Parus_major","A",0.85149813759304,"pa"
"Parus_montanus","A",0.510841329979231,"pa"
"Parus_palustris","A",0.478075097553792,"pa"
"Passer_domesticus","A",0.679575483673469,"pa"
"Passer_montanus","A",0.774784628601416,"pa"
"Perisoreus_infaustus","A",0.630999023082673,"pa"
"Phalacrocorax_carbo","A",0.677142788086482,"pa"
"Phasianus_colchicus","A",0.641396181941326,"pa"
"Phoenicurus_phoenicurus","A",0.421270444105517,"pa"
"Phylloscopus_collybita","A",0.34268563031175,"pa"
"Phylloscopus_sibilatrix","A",0.656244850035484,"pa"
"Phylloscopus_trochilus","A",0.517122722755877,"pa"
"Pica_pica","A",0.768654062116712,"pa"
"Picus_viridis","A",0.54930141493715,"pa"
"Pluvialis_apricaria","A",0.736447319711999,"pa"
"Podiceps_cristatus","A",0.403935959450565,"pa"
"Prunella_modularis","A",0.477893329033874,"pa"
"Pyrrhula_pyrrhula","A",0.419287505304512,"pa"
"Regulus_regulus","A",0.707620191899174,"pa"
"Saxicola_rubetra","A",0.525124842564266,"pa"
"Scolopax_rusticola","A",0.35976465786174,"pa"
"Sitta_europaea","A",0.690519147721061,"pa"
"Sterna_hirundo","A",0.443713524216182,"pa"
"Sturnus_vulgaris","A",0.83938189183345,"pa"
"Sylvia_atricapilla","A",0.849042283607385,"pa"
"Sylvia_borin","A",0.790994549483361,"pa"
"Sylvia_communis","A",0.775793205804887,"pa"
"Sylvia_curruca","A",0.687818935162373,"pa"
"Tetrao_tetrix","A",0.47140219271004,"pa"
"Tetrao_urogallus","A",0.614267420047838,"pa"
"Tringa_glareola","A",0.694049912528171,"pa"
"Tringa_nebularia","A",0.564811148569818,"pa"
"Tringa_ochropus","A",0.67529019538762,"pa"
"Tringa_totanus","A",0.545123780182331,"pa"
"Troglodytes_troglodytes","A",0.774614261340256,"pa"
"Turdus_iliacus","A",0.510148581158808,"pa"
"Turdus_merula","A",0.86391129304859,"pa"
"Turdus_philomelos","A",0.710712322371984,"pa"
"Turdus_pilaris","A",0.398041460181228,"pa"
"Turdus_torquatus","A",0.697235519899764,"pa"
"Turdus_viscivorus","A",0.648641144846882,"pa"
"Vanellus_vanellus","A",0.643589898401062,"pa"
"Acrocephalus_palustris","B",0.608548162430735,"pa"
"Acrocephalus_schoenobaenus","B",0.361627351240674,"pa"
"Acrocephalus_scirpaceus","B",0.464917722604492,"pa"
"Actitis_hypoleucos","B",0.109575714456594,"pa"
"Aegithalos_caudatus","B",0.350400145576474,"pa"
"Alauda_arvensis","B",0.791738076244431,"pa"
"Anas_crecca","B",0.158589234349014,"pa"
"Anas_platyrhynchos","B",0.579147032320997,"pa"
"Anser_anser","B",0.503224084261502,"pa"
"Anthus_pratensis","B",0.682232817882623,"pa"
"Anthus_trivialis","B",0.647501570692705,"pa"
"Apus_apus","B",0.640220091672632,"pa"
"Ardea_cinerea","B",0.484225175949316,"pa"
"Aythya_fuligula","B",0.24973327751626,"pa"
"Bonasa_bonasia","B",0.455987774086528,"pa"
"Branta_canadensis","B",0.418720624941245,"pa"
"Bucephala_clangula","B",0.302986874251992,"pa"
"Buteo_buteo","B",0.633089885430204,"pa"
"Carduelis_cannabina","B",0.671754983624536,"pa"
"Carduelis_carduelis","B",0.61255427693807,"pa"
"Carduelis_chloris","B",0.718505950554383,"pa"
"Carduelis_flammea","B",0.606958103414982,"pa"
"Carduelis_spinus","B",0.548035916205688,"pa"
"Carpodacus_erythrinus","B",0.394361403871748,"pa"
"Certhia_familiaris","B",0.603829228076437,"pa"
"Coccothraustes_coccothraustes","B",0.464756676294168,"pa"
"Columba_livia","B",0.542976857924259,"pa"
"Columba_oenas","B",0.459362271443557,"pa"
"Columba_palumbus","B",0.838481572255964,"pa"
"Corvus_corax","B",0.18638028857193,"pa"
"Corvus_corone","B",0.636187026787541,"pa"
"Corvus_monedula","B",0.774722031455734,"pa"
"Cuculus_canorus","B",0.15307779900031,"pa"
"Cygnus_cygnus","B",0.386557481486268,"pa"
"Cygnus_olor","B",0.633382713641449,"pa"
"Delichon_urbicum","B",0.517419491843844,"pa"
"Dendrocopos_major","B",0.750146670158254,"pa"
"Dryocopus_martius","B",0.577669577955695,"pa"
"Emberiza_citrinella","B",0.766290247139262,"pa"
"Emberiza_rustica","B",0.439572629368267,"pa"
"Emberiza_schoeniclus","B",0.278902860271636,"pa"
"Erithacus_rubecula","B",0.754977148951688,"pa"
"Falco_tinnunculus","B",0.208100583689247,"pa"
"Ficedula_hypoleuca","B",0.582483410434055,"pa"
"Fringilla_coelebs","B",0.812993470771952,"pa"
"Fringilla_montifringilla","B",0.739900282021525,"pa"
"Fulica_atra","B",0.427279724892626,"pa"
"Gallinago_gallinago","B",0.261580815838481,"pa"
"Garrulus_glandarius","B",0.660289967799308,"pa"
"Gavia_arctica","B",0.264234784381087,"pa"
"Gavia_stellata","B",0.196969083436389,"pa"
"Grus_grus","B",0.448443899877182,"pa"
"Haematopus_ostralegus","B",0.613021593264088,"pa"
"Hippolais_icterina","B",0.553638338611218,"pa"
"Hirundo_rustica","B",0.730029922914221,"pa"
"Jynx_torquilla","B",0.212005577622599,"pa"
"Lagopus_lagopus","B",0.493136075584163,"pa"
"Lanius_collurio","B",0.481288442289592,"pa"
"Larus_argentatus","B",0.596717030922005,"pa"
"Larus_canus","B",0.365246014260959,"pa"
"Larus_marinus","B",0.657739524390153,"pa"
"Larus_ridibundus","B",0.599275242508834,"pa"
"Loxia_curvirostra","B",0.599980073199173,"pa"
"Loxia_pytyopsittacus","B",0.309283775482424,"pa"
"Lullula_arborea","B",0.309136684839119,"pa"
"Luscinia_luscinia","B",0.642900975630213,"pa"
"Luscinia_svecica","B",0.677693902921601,"pa"
"Mergus_merganser","B",0.314234396339262,"pa"
"Motacilla_alba","B",0.751541128510373,"pa"
"Motacilla_flava","B",0.557812832907882,"pa"
"Muscicapa_striata","B",0.51036412571749,"pa"
"Numenius_arquata","B",0.372322534015941,"pa"
"Numenius_phaeopus","B",0.437260725240583,"pa"
"Oenanthe_oenanthe","B",0.667581060350254,"pa"
"Pandion_haliaetus","B",0.217239350886548,"pa"
"Parus_ater","B",0.567158589177727,"pa"
"Parus_caeruleus","B",0.773344994052705,"pa"
"Parus_cristatus","B",0.632635243169766,"pa"
"Parus_major","B",0.828266234298063,"pa"
"Parus_montanus","B",0.489733088599806,"pa"
"Parus_palustris","B",0.415997662258996,"pa"
"Passer_domesticus","B",0.667923370251572,"pa"
"Passer_montanus","B",0.755548919282642,"pa"
"Perisoreus_infaustus","B",0.603613171588429,"pa"
"Phalacrocorax_carbo","B",0.649957073692605,"pa"
"Phasianus_colchicus","B",0.605436625816267,"pa"
"Phoenicurus_phoenicurus","B",0.362267040769704,"pa"
"Phylloscopus_collybita","B",0.170350912304469,"pa"
"Phylloscopus_sibilatrix","B",0.616425926820508,"pa"
"Phylloscopus_trochilus","B",0.347929970263472,"pa"
"Pica_pica","B",0.759686419304742,"pa"
"Picus_viridis","B",0.510553521744813,"pa"
"Pluvialis_apricaria","B",0.706943785101942,"pa"
"Podiceps_cristatus","B",0.326312968345071,"pa"
"Prunella_modularis","B",0.423785534396048,"pa"
"Pyrrhula_pyrrhula","B",0.403254068590567,"pa"
"Regulus_regulus","B",0.675385380122316,"pa"
"Saxicola_rubetra","B",0.509888514917517,"pa"
"Scolopax_rusticola","B",0.285366102836881,"pa"
"Sitta_europaea","B",0.630403999505954,"pa"
"Sterna_hirundo","B",0.393961883338673,"pa"
"Sturnus_vulgaris","B",0.817042025230985,"pa"
"Sylvia_atricapilla","B",0.801875287680135,"pa"
"Sylvia_borin","B",0.77394833225195,"pa"
"Sylvia_communis","B",0.766162319857801,"pa"
"Sylvia_curruca","B",0.672646684031502,"pa"
"Tetrao_tetrix","B",0.456181438491694,"pa"
"Tetrao_urogallus","B",0.611534606379747,"pa"
"Tringa_glareola","B",0.64657639531608,"pa"
"Tringa_nebularia","B",0.514899188344308,"pa"
"Tringa_ochropus","B",0.654151882214674,"pa"
"Tringa_totanus","B",0.48189369464965,"pa"
"Troglodytes_troglodytes","B",0.731826880747756,"pa"
"Turdus_iliacus","B",0.461664718624357,"pa"
"Turdus_merula","B",0.847150870870404,"pa"
"Turdus_philomelos","B",0.666912078458342,"pa"
"Turdus_pilaris","B",0.360220708842398,"pa"
"Turdus_torquatus","B",0.61174812583988,"pa"
"Turdus_viscivorus","B",0.623207650518124,"pa"
"Vanellus_vanellus","B",0.622006225799658,"pa"
"Acrocephalus_palustris","C",0.277791344616382,"pa"
"Acrocephalus_schoenobaenus","C",0.05474138759448,"pa"
"Acrocephalus_scirpaceus","C",-0.176291347177537,"pa"
"Actitis_hypoleucos","C",0.0842395839704073,"pa"
"Aegithalos_caudatus","C",-0.0384437581058113,"pa"
"Alauda_arvensis","C",-0.123592266651709,"pa"
"Anas_crecca","C",-0.106959095504186,"pa"
"Anas_platyrhynchos","C",-0.0603299884307245,"pa"
"Anser_anser","C",0.348442602169939,"pa"
"Anthus_pratensis","C",0.0751438559456898,"pa"
"Anthus_trivialis","C",-0.0914388388023453,"pa"
"Apus_apus","C",0.0139844380950152,"pa"
"Ardea_cinerea","C",-0.0973993873268371,"pa"
"Aythya_fuligula","C",-0.0142420607258399,"pa"
"Bonasa_bonasia","C",-0.213650379015545,"pa"
"Branta_canadensis","C",0.049685262012982,"pa"
"Bucephala_clangula","C",0.134742991444173,"pa"
"Buteo_buteo","C",0.174492036849068,"pa"
"Carduelis_cannabina","C",-0.193981024065669,"pa"
"Carduelis_carduelis","C",0.424588610388045,"pa"
"Carduelis_chloris","C",-0.141432554554014,"pa"
"Carduelis_flammea","C",0.145956383159036,"pa"
"Carduelis_spinus","C",0.0561245355637802,"pa"
"Carpodacus_erythrinus","C",0.236561682284165,"pa"
"Certhia_familiaris","C",-0.0791728728420354,"pa"
"Coccothraustes_coccothraustes","C",0.172819717559788,"pa"
"Columba_livia","C",0.213516729668614,"pa"
"Columba_oenas","C",-0.0301774674920333,"pa"
"Columba_palumbus","C",-0.0299504229216743,"pa"
"Corvus_corax","C",-0.0301434138325351,"pa"
"Corvus_corone","C",0.0854517991412058,"pa"
"Corvus_monedula","C",0.213047667691817,"pa"
"Cuculus_canorus","C",0.0971324931933576,"pa"
"Cygnus_cygnus","C",0.0356453979591029,"pa"
"Cygnus_olor","C",-0.0822374922970663,"pa"
"Delichon_urbicum","C",0.0302347314405644,"pa"
"Dendrocopos_major","C",0.0326279812940843,"pa"
"Dryocopus_martius","C",-0.0548467519239232,"pa"
"Emberiza_citrinella","C",-0.244666988097207,"pa"
"Emberiza_rustica","C",0.105043273803085,"pa"
"Emberiza_schoeniclus","C",0.0240452570326901,"pa"
"Erithacus_rubecula","C",0.170111012018351,"pa"
"Falco_tinnunculus","C",-0.162989160161788,"pa"
"Ficedula_hypoleuca","C",0.00476251876496563,"pa"
"Fringilla_coelebs","C",0.315226363525673,"pa"
"Fringilla_montifringilla","C",0.251694060557305,"pa"
"Fulica_atra","C",-0.0745564892772543,"pa"
"Gallinago_gallinago","C",-0.145678996682695,"pa"
"Garrulus_glandarius","C",-0.0310693672262682,"pa"
"Gavia_arctica","C",-0.0823219696365201,"pa"
"Gavia_stellata","C",-0.00510598047985934,"pa"
"Grus_grus","C",0.0679958875679671,"pa"
"Haematopus_ostralegus","C",-0.203229353689794,"pa"
"Hippolais_icterina","C",-0.0613836899701206,"pa"
"Hirundo_rustica","C",0.0464981403086809,"pa"
"Jynx_torquilla","C",0.0284081618011969,"pa"
"Lagopus_lagopus","C",0.182566761190022,"pa"
"Lanius_collurio","C",0.0214424831379215,"pa"
"Larus_argentatus","C",-0.120746351454703,"pa"
"Larus_canus","C",0.0499032547682934,"pa"
"Larus_marinus","C",-0.229332946885799,"pa"
"Larus_ridibundus","C",-0.00202198955230218,"pa"
"Loxia_curvirostra","C",-0.0940982699816259,"pa"
"Loxia_pytyopsittacus","C",-0.0323310475123243,"pa"
"Lullula_arborea","C",0.0884478129932124,"pa"
"Luscinia_luscinia","C",-0.215285973432727,"pa"
"Luscinia_svecica","C",0.235738499747405,"pa"
"Mergus_merganser","C",0.200705882955181,"pa"
"Motacilla_alba","C",0.0465170952205212,"pa"
"Motacilla_flava","C",0.214831118357411,"pa"
"Muscicapa_striata","C",0.0537748970086292,"pa"
"Numenius_arquata","C",0.169318278888269,"pa"
"Numenius_phaeopus","C",-0.0249472757786597,"pa"
"Oenanthe_oenanthe","C",0.0340864294265834,"pa"
"Pandion_haliaetus","C",0.0914017429573797,"pa"
"Parus_ater","C",-0.119482002137753,"pa"
"Parus_caeruleus","C",0.0195480064406054,"pa"
"Parus_cristatus","C",0.0530647700911316,"pa"
"Parus_major","C",0.301448790584521,"pa"
"Parus_montanus","C",-0.0021708274759471,"pa"
"Parus_palustris","C",-0.0594843157764792,"pa"
"Passer_domesticus","C",0.0219535221356461,"pa"
"Passer_montanus","C",-0.113565482139755,"pa"
"Perisoreus_infaustus","C",0.0938694260244005,"pa"
"Phalacrocorax_carbo","C",0.203928043151934,"pa"
"Phasianus_colchicus","C",-0.27031597745263,"pa"
"Phoenicurus_phoenicurus","C",0.0757292927047346,"pa"
"Phylloscopus_collybita","C",0.0535615130114901,"pa"
"Phylloscopus_sibilatrix","C",-0.0305921957559322,"pa"
"Phylloscopus_trochilus","C",0.0584900380383552,"pa"
"Pica_pica","C",-0.1103086509321,"pa"
"Picus_viridis","C",-0.0434624622087394,"pa"
"Pluvialis_apricaria","C",0.105207691534918,"pa"
"Podiceps_cristatus","C",0.000850087498905118,"pa"
"Prunella_modularis","C",-0.12881534155641,"pa"
"Pyrrhula_pyrrhula","C",0.144117601691889,"pa"
"Regulus_regulus","C",-0.130723917162571,"pa"
"Saxicola_rubetra","C",-0.0665372754782655,"pa"
"Scolopax_rusticola","C",0.0174388854555446,"pa"
"Sitta_europaea","C",0.115713224926468,"pa"
"Sterna_hirundo","C",0.041862203171039,"pa"
"Sturnus_vulgaris","C",-0.098389846210349,"pa"
"Sylvia_atricapilla","C",0.210566331593696,"pa"
"Sylvia_borin","C",0.0296338286319965,"pa"
"Sylvia_communis","C",0.0255411831364342,"pa"
"Sylvia_curruca","C",0.0601389764157339,"pa"
"Tetrao_tetrix","C",-0.0244701926720209,"pa"
"Tetrao_urogallus","C",0.0668693048239171,"pa"
"Tringa_glareola","C",-0.00834703328292759,"pa"
"Tringa_nebularia","C",0.0112119155019794,"pa"
"Tringa_ochropus","C",0.0741805351499877,"pa"
"Tringa_totanus","C",-0.158840939492536,"pa"
"Troglodytes_troglodytes","C",0.10757389774661,"pa"
"Turdus_iliacus","C",0.0636745115832864,"pa"
"Turdus_merula","C",0.325943737756722,"pa"
"Turdus_philomelos","C",0.260973207605789,"pa"
"Turdus_pilaris","C",0.0288270467148938,"pa"
"Turdus_torquatus","C",-0.370663336241516,"pa"
"Turdus_viscivorus","C",-0.0626388191415856,"pa"
"Vanellus_vanellus","C",-0.0488097404344732,"pa"
"Acrocephalus_palustris","D",0.262102048173043,"pa"
"Acrocephalus_schoenobaenus","D",0.0572141353140188,"pa"
"Acrocephalus_scirpaceus","D",-0.193652825259733,"pa"
"Actitis_hypoleucos","D",-0.0759249636164498,"pa"
"Aegithalos_caudatus","D",-0.0581772222342661,"pa"
"Alauda_arvensis","D",-0.138092983882719,"pa"
"Anas_crecca","D",-0.0725115586219341,"pa"
"Anas_platyrhynchos","D",-0.0622412651235581,"pa"
"Anser_anser","D",0.325156711379408,"pa"
"Anthus_pratensis","D",0.0435191387511048,"pa"
"Anthus_trivialis","D",0.0650179192279463,"pa"
"Apus_apus","D",0.0233891444303752,"pa"
"Ardea_cinerea","D",-0.0584943374274699,"pa"
"Aythya_fuligula","D",0.0227284381964596,"pa"
"Bonasa_bonasia","D",-0.203419775089662,"pa"
"Branta_canadensis","D",0.0457319412798674,"pa"
"Bucephala_clangula","D",0.058674653888821,"pa"
"Buteo_buteo","D",0.162734923722063,"pa"
"Carduelis_cannabina","D",-0.21970780259222,"pa"
"Carduelis_carduelis","D",0.401332986348291,"pa"
"Carduelis_chloris","D",-0.121408694988925,"pa"
"Carduelis_flammea","D",0.0709159669916758,"pa"
"Carduelis_spinus","D",0.0487210246616809,"pa"
"Carpodacus_erythrinus","D",0.171167795987245,"pa"
"Certhia_familiaris","D",-0.076469602545515,"pa"
"Coccothraustes_coccothraustes","D",0.175323945793224,"pa"
"Columba_livia","D",0.282088936476221,"pa"
"Columba_oenas","D",-0.0267242930212652,"pa"
"Columba_palumbus","D",-0.0336368196583321,"pa"
"Corvus_corax","D",-0.00197676288296573,"pa"
"Corvus_corone","D",0.153514513596949,"pa"
"Corvus_monedula","D",0.192994671329581,"pa"
"Cuculus_canorus","D",-0.097020519322342,"pa"
"Cygnus_cygnus","D",0.0740751854353551,"pa"
"Cygnus_olor","D",-0.132455447966829,"pa"
"Delichon_urbicum","D",0.0759106320266445,"pa"
"Dendrocopos_major","D",0.0801248143378994,"pa"
"Dryocopus_martius","D",-0.0351994865444812,"pa"
"Emberiza_citrinella","D",-0.205077961035875,"pa"
"Emberiza_rustica","D",0.0993753067131983,"pa"
"Emberiza_schoeniclus","D",-0.00297996295788916,"pa"
"Erithacus_rubecula","D",0.18333413902566,"pa"
"Falco_tinnunculus","D",-0.0619566546931441,"pa"
"Ficedula_hypoleuca","D",-0.0281838346464395,"pa"
"Fringilla_coelebs","D",0.334835784348834,"pa"
"Fringilla_montifringilla","D",0.332786117558432,"pa"
"Fulica_atra","D",-0.0823418498933266,"pa"
"Gallinago_gallinago","D",-0.0842462258915124,"pa"
"Garrulus_glandarius","D",-0.0330858176679173,"pa"
"Gavia_arctica","D",0.0327850233869867,"pa"
"Gavia_stellata","D",0.0250843958667612,"pa"
"Grus_grus","D",-0.0453762271206272,"pa"
"Haematopus_ostralegus","D",-0.207438380407491,"pa"
"Hippolais_icterina","D",-0.0756985045007902,"pa"
"Hirundo_rustica","D",0.0576234673174594,"pa"
"Jynx_torquilla","D",-0.0592715176675191,"pa"
"Lagopus_lagopus","D",0.196121832963424,"pa"
"Lanius_collurio","D",-0.00995678570174413,"pa"
"Larus_argentatus","D",-0.120009084686663,"pa"
"Larus_canus","D",0.0307820546395333,"pa"
"Larus_marinus","D",-0.190753103050602,"pa"
"Larus_ridibundus","D",0.0430819340361071,"pa"
"Loxia_curvirostra","D",-0.0357469502137894,"pa"
"Loxia_pytyopsittacus","D",0.0947168992492059,"pa"
"Lullula_arborea","D",0.0377630331930372,"pa"
"Luscinia_luscinia","D",-0.230666334604947,"pa"
"Luscinia_svecica","D",0.224588503426314,"pa"
"Mergus_merganser","D",0.147852958772295,"pa"
"Motacilla_alba","D",0.0190474864024135,"pa"
"Motacilla_flava","D",0.227322024200498,"pa"
"Muscicapa_striata","D",0.00440694172536102,"pa"
"Numenius_arquata","D",0.155806357649724,"pa"
"Numenius_phaeopus","D",-0.0307400955773873,"pa"
"Oenanthe_oenanthe","D",0.0574928787838309,"pa"
"Pandion_haliaetus","D",0.132629916188789,"pa"
"Parus_ater","D",-0.0917196967696129,"pa"
"Parus_caeruleus","D",0.0411578024448405,"pa"
"Parus_cristatus","D",0.0488368234878425,"pa"
"Parus_major","D",0.2834875143312,"pa"
"Parus_montanus","D",0.056841167765531,"pa"
"Parus_palustris","D",-0.0578423077406624,"pa"
"Passer_domesticus","D",-0.024167723783414,"pa"
"Passer_montanus","D",-0.101841570154863,"pa"
"Perisoreus_infaustus","D",0.0613366360451541,"pa"
"Phalacrocorax_carbo","D",0.203619589356979,"pa"
"Phasianus_colchicus","D",-0.327930954645436,"pa"
"Phoenicurus_phoenicurus","D",0.0845882903411973,"pa"
"Phylloscopus_collybita","D",-0.0598511784376307,"pa"
"Phylloscopus_sibilatrix","D",-0.0225563746156153,"pa"
"Phylloscopus_trochilus","D",0.0280551139252979,"pa"
"Pica_pica","D",-0.0380817603742753,"pa"
"Picus_viridis","D",-0.0705846812525297,"pa"
"Pluvialis_apricaria","D",0.0968007104502576,"pa"
"Podiceps_cristatus","D",-0.0623881366740117,"pa"
"Prunella_modularis","D",-0.109199098380377,"pa"
"Pyrrhula_pyrrhula","D",0.15845025464967,"pa"
"Regulus_regulus","D",-0.110508013261167,"pa"
"Saxicola_rubetra","D",0.0145169477217588,"pa"
"Scolopax_rusticola","D",-0.0158441678611607,"pa"
"Sitta_europaea","D",0.146443175472163,"pa"
"Sterna_hirundo","D",-0.000798844581143119,"pa"
"Sturnus_vulgaris","D",-0.0458075131173537,"pa"
"Sylvia_atricapilla","D",0.191799662330595,"pa"
"Sylvia_borin","D",0.0325790359200049,"pa"
"Sylvia_communis","D",0.0393246695859224,"pa"
"Sylvia_curruca","D",0.0498225417805286,"pa"
"Tetrao_tetrix","D",0.0281690947313396,"pa"
"Tetrao_urogallus","D",-0.0367382318886456,"pa"
"Tringa_glareola","D",-0.0237255174519888,"pa"
"Tringa_nebularia","D",0.023325730291095,"pa"
"Tringa_ochropus","D",0.0531476134606992,"pa"
"Tringa_totanus","D",-0.174878982233733,"pa"
"Troglodytes_troglodytes","D",0.0702891675637928,"pa"
"Turdus_iliacus","D",0.0588161484260358,"pa"
"Turdus_merula","D",0.312513552801611,"pa"
"Turdus_philomelos","D",0.30270711339563,"pa"
"Turdus_pilaris","D",0.0256892723729921,"pa"
"Turdus_torquatus","D",-0.188903669536828,"pa"
"Turdus_viscivorus","D",-0.0543172900468684,"pa"
"Vanellus_vanellus","D",-0.0502133576255289,"pa"
"Acrocephalus_palustris","pool_D",-0.219074625371746,"abu"
"Acrocephalus_schoenobaenus","pool_D",-0.0600213330973333,"abu"
"Acrocephalus_scirpaceus","pool_D",-0.00967639926889444,"abu"
"Actitis_hypoleucos","pool_D",0.0798326379373788,"abu"
"Aegithalos_caudatus","pool_D",0.646041576098079,"abu"
"Alauda_arvensis","pool_D",0.438689458276281,"abu"
"Anas_crecca","pool_D",0.145335501506372,"abu"
"Anas_platyrhynchos","pool_D",0.232078668634625,"abu"
"Anser_anser","pool_D",0.103151977238528,"abu"
"Anthus_pratensis","pool_D",0.305336859002367,"abu"
"Anthus_trivialis","pool_D",0.170725314531525,"abu"
"Apus_apus","pool_D",0.268095722524227,"abu"
"Ardea_cinerea","pool_D",-0.0229558202942762,"abu"
"Aythya_fuligula","pool_D",0.295226336737652,"abu"
"Bonasa_bonasia","pool_D",NA,"abu"
"Branta_canadensis","pool_D",-0.101331246349018,"abu"
"Bucephala_clangula","pool_D",0.0380115293860404,"abu"
"Buteo_buteo","pool_D",-0.0261479940462805,"abu"
"Carduelis_cannabina","pool_D",-0.0315161279431834,"abu"
"Carduelis_carduelis","pool_D",0.34733070067568,"abu"
"Carduelis_chloris","pool_D",0.153196027760683,"abu"
"Carduelis_flammea","pool_D",0.0698166130144785,"abu"
"Carduelis_spinus","pool_D",-0.00965162219652913,"abu"
"Carpodacus_erythrinus","pool_D",0.129334810979679,"abu"
"Certhia_familiaris","pool_D",-0.0503584264419814,"abu"
"Coccothraustes_coccothraustes","pool_D",0.188259874412951,"abu"
"Columba_livia","pool_D",0.0101412537130495,"abu"
"Columba_oenas","pool_D",0.191377618194555,"abu"
"Columba_palumbus","pool_D",0.0530828962274586,"abu"
"Corvus_corax","pool_D",-0.0896643128739575,"abu"
"Corvus_corone","pool_D",0.23157163449538,"abu"
"Corvus_monedula","pool_D",0.23887932955289,"abu"
"Cuculus_canorus","pool_D",-0.0653728509907169,"abu"
"Cygnus_cygnus","pool_D",-0.21504121081302,"abu"
"Cygnus_olor","pool_D",0.0964721360659996,"abu"
"Delichon_urbicum","pool_D",-0.000915424420064761,"abu"
"Dendrocopos_major","pool_D",0.0806390079563223,"abu"
"Dryocopus_martius","pool_D",0.186469975411017,"abu"
"Emberiza_citrinella","pool_D",0.0683191539741297,"abu"
"Emberiza_rustica","pool_D",NA,"abu"
"Emberiza_schoeniclus","pool_D",-0.0713122825467793,"abu"
"Erithacus_rubecula","pool_D",0.186564939876865,"abu"
"Falco_tinnunculus","pool_D",0.518700018695552,"abu"
"Ficedula_hypoleuca","pool_D",0.0679441351160032,"abu"
"Fringilla_coelebs","pool_D",-0.00542924196731131,"abu"
"Fringilla_montifringilla","pool_D",0.347696062049036,"abu"
"Fulica_atra","pool_D",0.0321380567414,"abu"
"Gallinago_gallinago","pool_D",0.0670746128775892,"abu"
"Garrulus_glandarius","pool_D",0.129542460703473,"abu"
"Gavia_arctica","pool_D",-0.122502776659634,"abu"
"Gavia_stellata","pool_D",0.147734678727146,"abu"
"Grus_grus","pool_D",0.061482361502807,"abu"
"Haematopus_ostralegus","pool_D",0.23353439149835,"abu"
"Hippolais_icterina","pool_D",0.0476628130941292,"abu"
"Hirundo_rustica","pool_D",0.127120148624373,"abu"
"Jynx_torquilla","pool_D",0.112800686494454,"abu"
"Lagopus_lagopus","pool_D",-0.226541738977904,"abu"
"Lanius_collurio","pool_D",-0.0441407614494071,"abu"
"Larus_argentatus","pool_D",0.226759544049978,"abu"
"Larus_canus","pool_D",0.247595597511584,"abu"
"Larus_marinus","pool_D",0.26644132255336,"abu"
"Larus_ridibundus","pool_D",-0.131245415126049,"abu"
"Loxia_curvirostra","pool_D",0.26749406606163,"abu"
"Loxia_pytyopsittacus","pool_D",0.00424820506820814,"abu"
"Lullula_arborea","pool_D",0.282474128854309,"abu"
"Luscinia_luscinia","pool_D",0.0453039377062424,"abu"
"Luscinia_svecica","pool_D",-0.279343975412142,"abu"
"Mergus_merganser","pool_D",0.209283745124387,"abu"
"Motacilla_alba","pool_D",0.257921331270551,"abu"
"Motacilla_flava","pool_D",0.12731172131817,"abu"
"Muscicapa_striata","pool_D",-0.139272302750453,"abu"
"Numenius_arquata","pool_D",0.176483723758142,"abu"
"Numenius_phaeopus","pool_D",-0.281463158106905,"abu"
"Oenanthe_oenanthe","pool_D",0.054124583714501,"abu"
"Pandion_haliaetus","pool_D",-0.179626458468056,"abu"
"Parus_ater","pool_D",0.059957281235931,"abu"
"Parus_caeruleus","pool_D",0.0306524269491207,"abu"
"Parus_cristatus","pool_D",0.0975118212326859,"abu"
"Parus_major","pool_D",0.127812338903675,"abu"
"Parus_montanus","pool_D",0.0122052443629267,"abu"
"Parus_palustris","pool_D",-0.141872131744161,"abu"
"Passer_domesticus","pool_D",0.571602457916163,"abu"
"Passer_montanus","pool_D",0.171121194153603,"abu"
"Perisoreus_infaustus","pool_D",-0.0871431120663908,"abu"
"Phalacrocorax_carbo","pool_D",0.340824339363904,"abu"
"Phasianus_colchicus","pool_D",0.156321330070632,"abu"
"Phoenicurus_phoenicurus","pool_D",0.122165347042361,"abu"
"Phylloscopus_collybita","pool_D",-0.340896946897636,"abu"
"Phylloscopus_sibilatrix","pool_D",-0.142844128979942,"abu"
"Phylloscopus_trochilus","pool_D",0.0295851974027807,"abu"
"Pica_pica","pool_D",0.211557228034137,"abu"
"Picus_viridis","pool_D",0.0814468910502092,"abu"
"Pluvialis_apricaria","pool_D",0.0257119336835419,"abu"
"Podiceps_cristatus","pool_D",-0.0383236953321448,"abu"
"Prunella_modularis","pool_D",0.082145667343691,"abu"
"Pyrrhula_pyrrhula","pool_D",0.127969294546266,"abu"
"Regulus_regulus","pool_D",0.212348514390055,"abu"
"Saxicola_rubetra","pool_D",0.056009014326933,"abu"
"Scolopax_rusticola","pool_D",0.210508404551409,"abu"
"Sitta_europaea","pool_D",0.127898662939382,"abu"
"Sterna_hirundo","pool_D",0.22058997462808,"abu"
"Sturnus_vulgaris","pool_D",-0.0926199984575752,"abu"
"Sylvia_atricapilla","pool_D",0.0340609019774482,"abu"
"Sylvia_borin","pool_D",0.00771437137901079,"abu"
"Sylvia_communis","pool_D",0.182130415497725,"abu"
"Sylvia_curruca","pool_D",0.166908660406586,"abu"
"Tetrao_tetrix","pool_D",0.0329171617891487,"abu"
"Tetrao_urogallus","pool_D",0.158043242799975,"abu"
"Tringa_glareola","pool_D",0.164636798237375,"abu"
"Tringa_nebularia","pool_D",-0.0380400768530619,"abu"
"Tringa_ochropus","pool_D",0.0402398656807723,"abu"
"Tringa_totanus","pool_D",-0.142042370535807,"abu"
"Troglodytes_troglodytes","pool_D",0.152656949764802,"abu"
"Turdus_iliacus","pool_D",-0.000907900038514407,"abu"
"Turdus_merula","pool_D",0.228793158442943,"abu"
"Turdus_philomelos","pool_D",0.142583127745041,"abu"
"Turdus_pilaris","pool_D",0.167375897225899,"abu"
"Turdus_torquatus","pool_D",-0.161813047243363,"abu"
"Turdus_viscivorus","pool_D",0.0695476154881233,"abu"
"Vanellus_vanellus","pool_D",-0.0202887856512429,"abu"
"Acrocephalus_palustris","pool_D",0.35077006688089,"pa"
"Acrocephalus_schoenobaenus","pool_D",0.264034609819355,"pa"
"Acrocephalus_scirpaceus","pool_D",-0.251681385354928,"pa"
"Actitis_hypoleucos","pool_D",-0.180751029048604,"pa"
"Aegithalos_caudatus","pool_D",-0.0471190331913799,"pa"
"Alauda_arvensis","pool_D",-0.272868745148439,"pa"
"Anas_crecca","pool_D",-0.168286012020858,"pa"
"Anas_platyrhynchos","pool_D",-0.00840888849199526,"pa"
"Anser_anser","pool_D",0.428821868573095,"pa"
"Anthus_pratensis","pool_D",0.0897647542195311,"pa"
"Anthus_trivialis","pool_D",-0.0226058290106482,"pa"
"Apus_apus","pool_D",0.191917127618832,"pa"
"Ardea_cinerea","pool_D",-0.213457332543761,"pa"
"Aythya_fuligula","pool_D",-0.0446305839632947,"pa"
"Bonasa_bonasia","pool_D",-0.319180858387943,"pa"
"Branta_canadensis","pool_D",-0.0633049730929567,"pa"
"Bucephala_clangula","pool_D",0.0915200611683392,"pa"
"Buteo_buteo","pool_D",0.156467964834703,"pa"
"Carduelis_cannabina","pool_D",-0.296927512077287,"pa"
"Carduelis_carduelis","pool_D",0.382308255969915,"pa"
"Carduelis_chloris","pool_D",-0.0385163496224466,"pa"
"Carduelis_flammea","pool_D",0.0132623600159116,"pa"
"Carduelis_spinus","pool_D",-0.00310531683058488,"pa"
"Carpodacus_erythrinus","pool_D",0.214642437247886,"pa"
"Certhia_familiaris","pool_D",0.0147338543802358,"pa"
"Coccothraustes_coccothraustes","pool_D",0.205792714173392,"pa"
"Columba_livia","pool_D",0.344282081907526,"pa"
"Columba_oenas","pool_D",-0.0285002179263277,"pa"
"Columba_palumbus","pool_D",-0.0345034449502633,"pa"
"Corvus_corax","pool_D",-0.142065724961053,"pa"
"Corvus_corone","pool_D",0.244916634392654,"pa"
"Corvus_monedula","pool_D",0.21700031990839,"pa"
"Cuculus_canorus","pool_D",-0.0693979067090189,"pa"
"Cygnus_cygnus","pool_D",0.0538630846554905,"pa"
"Cygnus_olor","pool_D",-0.100892047196941,"pa"
"Delichon_urbicum","pool_D",0.0435007845101446,"pa"
"Dendrocopos_major","pool_D",0.133715012406092,"pa"
"Dryocopus_martius","pool_D",0.0898116424652948,"pa"
"Emberiza_citrinella","pool_D",-0.112017859439958,"pa"
"Emberiza_rustica","pool_D",0.0608897509934245,"pa"
"Emberiza_schoeniclus","pool_D",-0.0495027883401871,"pa"
"Erithacus_rubecula","pool_D",0.302455063291196,"pa"
"Falco_tinnunculus","pool_D",-0.131090837918028,"pa"
"Ficedula_hypoleuca","pool_D",-0.057775727226961,"pa"
"Fringilla_coelebs","pool_D",0.550177246719427,"pa"
"Fringilla_montifringilla","pool_D",0.464825409091442,"pa"
"Fulica_atra","pool_D",-0.205603235937633,"pa"
"Gallinago_gallinago","pool_D",-0.0692885188726156,"pa"
"Garrulus_glandarius","pool_D",0.00178842313064643,"pa"
"Gavia_arctica","pool_D",0.0917266357581111,"pa"
"Gavia_stellata","pool_D",-0.0399092092323107,"pa"
"Grus_grus","pool_D",0.00148199295095269,"pa"
"Haematopus_ostralegus","pool_D",-0.155912127664996,"pa"
"Hippolais_icterina","pool_D",0.00247496485576792,"pa"
"Hirundo_rustica","pool_D",0.165034445444319,"pa"
"Jynx_torquilla","pool_D",-0.0965167322770297,"pa"
"Lagopus_lagopus","pool_D",0.0378438225209652,"pa"
"Lanius_collurio","pool_D",0.0675416821570893,"pa"
"Larus_argentatus","pool_D",0.0452289066716476,"pa"
"Larus_canus","pool_D",0.0920447514037311,"pa"
"Larus_marinus","pool_D",-0.225531677942772,"pa"
"Larus_ridibundus","pool_D",0.162598821843576,"pa"
"Loxia_curvirostra","pool_D",0.0107780423773823,"pa"
"Loxia_pytyopsittacus","pool_D",0.111887227568986,"pa"
"Lullula_arborea","pool_D",0.0885554998388403,"pa"
"Luscinia_luscinia","pool_D",-0.258736867094747,"pa"
"Luscinia_svecica","pool_D",0.27819600941232,"pa"
"Mergus_merganser","pool_D",0.177917743926247,"pa"
"Motacilla_alba","pool_D",0.169483483718486,"pa"
"Motacilla_flava","pool_D",0.288442985124215,"pa"
"Muscicapa_striata","pool_D",0.0893997847505294,"pa"
"Numenius_arquata","pool_D",0.215688517152761,"pa"
"Numenius_phaeopus","pool_D",-0.261434529004392,"pa"
"Oenanthe_oenanthe","pool_D",0.17539074037606,"pa"
"Pandion_haliaetus","pool_D",0.120425067022834,"pa"
"Parus_ater","pool_D",0.0116363523693998,"pa"
"Parus_caeruleus","pool_D",-0.0530636391016296,"pa"
"Parus_cristatus","pool_D",-0.022972801909488,"pa"
"Parus_major","pool_D",0.374312434559713,"pa"
"Parus_montanus","pool_D",0.0801566977390225,"pa"
"Parus_palustris","pool_D",-0.0402697084171724,"pa"
"Passer_domesticus","pool_D",-0.100009769981415,"pa"
"Passer_montanus","pool_D",-0.043293975188273,"pa"
"Perisoreus_infaustus","pool_D",0.0306591788318935,"pa"
"Phalacrocorax_carbo","pool_D",0.163355082112601,"pa"
"Phasianus_colchicus","pool_D",-0.205280475202622,"pa"
"Phoenicurus_phoenicurus","pool_D",0.203578087648183,"pa"
"Phylloscopus_collybita","pool_D",-0.112435575869449,"pa"
"Phylloscopus_sibilatrix","pool_D",-0.0435979708445906,"pa"
"Phylloscopus_trochilus","pool_D",-0.0197977540677335,"pa"
"Pica_pica","pool_D",-0.063778030042053,"pa"
"Picus_viridis","pool_D",-0.0717712045250896,"pa"
"Pluvialis_apricaria","pool_D",0.096340633975694,"pa"
"Podiceps_cristatus","pool_D",-0.127071767936947,"pa"
"Prunella_modularis","pool_D",0.0417269396764806,"pa"
"Pyrrhula_pyrrhula","pool_D",0.176402171329048,"pa"
"Regulus_regulus","pool_D",-0.120293657345141,"pa"
"Saxicola_rubetra","pool_D",0.149742955131826,"pa"
"Scolopax_rusticola","pool_D",-0.00310343158785718,"pa"
"Sitta_europaea","pool_D",0.110765493022429,"pa"
"Sterna_hirundo","pool_D",0.0107503373661274,"pa"
"Sturnus_vulgaris","pool_D",0.000570606390046643,"pa"
"Sylvia_atricapilla","pool_D",0.231094396380891,"pa"
"Sylvia_borin","pool_D",0.186149742949052,"pa"
"Sylvia_communis","pool_D",0.0164738752473535,"pa"
"Sylvia_curruca","pool_D",0.189619119365563,"pa"
"Tetrao_tetrix","pool_D",0.161968877473286,"pa"
"Tetrao_urogallus","pool_D",0.0122823968344153,"pa"
"Tringa_glareola","pool_D",0.0419747094825787,"pa"
"Tringa_nebularia","pool_D",0.133721961891703,"pa"
"Tringa_ochropus","pool_D",0.0386550504341526,"pa"
"Tringa_totanus","pool_D",-0.0678890406899922,"pa"
"Troglodytes_troglodytes","pool_D",0.0533044877930633,"pa"
"Turdus_iliacus","pool_D",-0.0646679110295743,"pa"
"Turdus_merula","pool_D",0.338363851784574,"pa"
"Turdus_philomelos","pool_D",0.196818045573845,"pa"
"Turdus_pilaris","pool_D",0.00393827106805973,"pa"
"Turdus_torquatus","pool_D",-0.135735665170301,"pa"
"Turdus_viscivorus","pool_D",-0.0679494264142499,"pa"
"Vanellus_vanellus","pool_D",0.00332352482865069,"pa"
"Acrocephalus_palustris","pool_C",-0.353655715795115,"abu"
"Acrocephalus_schoenobaenus","pool_C",-0.136524309417049,"abu"
"Acrocephalus_scirpaceus","pool_C",-0.100873255033413,"abu"
"Actitis_hypoleucos","pool_C",0.0885991054485836,"abu"
"Aegithalos_caudatus","pool_C",0.425356939885279,"abu"
"Alauda_arvensis","pool_C",0.428429144900185,"abu"
"Anas_crecca","pool_C",-0.0384347044708311,"abu"
"Anas_platyrhynchos","pool_C",0.23509994604625,"abu"
"Anser_anser","pool_C",-0.0148862718547698,"abu"
"Anthus_pratensis","pool_C",0.364023356770435,"abu"
"Anthus_trivialis","pool_C",0.188244944925154,"abu"
"Apus_apus","pool_C",0.260229763290247,"abu"
"Ardea_cinerea","pool_C",0.0159090616207068,"abu"
"Aythya_fuligula","pool_C",0.164666468545072,"abu"
"Bonasa_bonasia","pool_C",NA,"abu"
"Branta_canadensis","pool_C",-0.0899552686627405,"abu"
"Bucephala_clangula","pool_C",0.0638571288341893,"abu"
"Buteo_buteo","pool_C",-0.0952476533949125,"abu"
"Carduelis_cannabina","pool_C",-0.0277110937577901,"abu"
"Carduelis_carduelis","pool_C",0.0959253575193214,"abu"
"Carduelis_chloris","pool_C",0.264082516184583,"abu"
"Carduelis_flammea","pool_C",0.0327806739116035,"abu"
"Carduelis_spinus","pool_C",-0.0702804319198812,"abu"
"Carpodacus_erythrinus","pool_C",0.101981552250373,"abu"
"Certhia_familiaris","pool_C",-0.151420942303471,"abu"
"Coccothraustes_coccothraustes","pool_C",0.355313560153488,"abu"
"Columba_livia","pool_C",-0.193703027874104,"abu"
"Columba_oenas","pool_C",0.0100227802130833,"abu"
"Columba_palumbus","pool_C",0.0574234540713396,"abu"
"Corvus_corax","pool_C",-0.12659096268173,"abu"
"Corvus_corone","pool_C",0.226370576232801,"abu"
"Corvus_monedula","pool_C",0.201261166294006,"abu"
"Cuculus_canorus","pool_C",-0.06171222078508,"abu"
"Cygnus_cygnus","pool_C",-0.0580823039771687,"abu"
"Cygnus_olor","pool_C",0.12268616064538,"abu"
"Delichon_urbicum","pool_C",-0.040106368029234,"abu"
"Dendrocopos_major","pool_C",0.0760193573609638,"abu"
"Dryocopus_martius","pool_C",0.154668283280874,"abu"
"Emberiza_citrinella","pool_C",0.163948344958704,"abu"
"Emberiza_rustica","pool_C",NA,"abu"
"Emberiza_schoeniclus","pool_C",0.0214213183849089,"abu"
"Erithacus_rubecula","pool_C",0.154540211654707,"abu"
"Falco_tinnunculus","pool_C",0.556531181653848,"abu"
"Ficedula_hypoleuca","pool_C",0.138106866022399,"abu"
"Fringilla_coelebs","pool_C",-0.0367792948946158,"abu"
"Fringilla_montifringilla","pool_C",0.285925018943931,"abu"
"Fulica_atra","pool_C",-0.236079567130926,"abu"
"Gallinago_gallinago","pool_C",-0.0337217019372056,"abu"
"Garrulus_glandarius","pool_C",0.100257724562179,"abu"
"Gavia_arctica","pool_C",-0.0524336820359854,"abu"
"Gavia_stellata","pool_C",0.378863495264116,"abu"
"Grus_grus","pool_C",0.0682631183503521,"abu"
"Haematopus_ostralegus","pool_C",0.136163181268548,"abu"
"Hippolais_icterina","pool_C",-0.0238366481944552,"abu"
"Hirundo_rustica","pool_C",0.198028773417878,"abu"
"Jynx_torquilla","pool_C",0.192701473453505,"abu"
"Lagopus_lagopus","pool_C",-0.258685752793555,"abu"
"Lanius_collurio","pool_C",-0.133901722072927,"abu"
"Larus_argentatus","pool_C",0.0161498732220073,"abu"
"Larus_canus","pool_C",0.349545531218828,"abu"
"Larus_marinus","pool_C",0.112580728060561,"abu"
"Larus_ridibundus","pool_C",-0.0828994987263724,"abu"
"Loxia_curvirostra","pool_C",0.321428923488953,"abu"
"Loxia_pytyopsittacus","pool_C",0.0695636061573794,"abu"
"Lullula_arborea","pool_C",-0.286637200168939,"abu"
"Luscinia_luscinia","pool_C",0.113266122637591,"abu"
"Luscinia_svecica","pool_C",-0.415660764889302,"abu"
"Mergus_merganser","pool_C",0.137578941386382,"abu"
"Motacilla_alba","pool_C",0.205264114597698,"abu"
"Motacilla_flava","pool_C",0.183430577165477,"abu"
"Muscicapa_striata","pool_C",-0.0998047162986112,"abu"
"Numenius_arquata","pool_C",0.172043040804774,"abu"
"Numenius_phaeopus","pool_C",-0.192732835082108,"abu"
"Oenanthe_oenanthe","pool_C",0.0935757370784896,"abu"
"Pandion_haliaetus","pool_C",0.329891746913157,"abu"
"Parus_ater","pool_C",0.0260242689963679,"abu"
"Parus_caeruleus","pool_C",-0.0213197345107225,"abu"
"Parus_cristatus","pool_C",0.0513218350099695,"abu"
"Parus_major","pool_C",0.200616422737953,"abu"
"Parus_montanus","pool_C",0.00712188546670822,"abu"
"Parus_palustris","pool_C",-0.0271888665770646,"abu"
"Passer_domesticus","pool_C",0.559920322803323,"abu"
"Passer_montanus","pool_C",0.0635638576888891,"abu"
"Perisoreus_infaustus","pool_C",-0.0235989776957706,"abu"
"Phalacrocorax_carbo","pool_C",0.373194308593966,"abu"
"Phasianus_colchicus","pool_C",0.231390212583823,"abu"
"Phoenicurus_phoenicurus","pool_C",0.0201604936404342,"abu"
"Phylloscopus_collybita","pool_C",-0.246734739565891,"abu"
"Phylloscopus_sibilatrix","pool_C",-0.110713496422298,"abu"
"Phylloscopus_trochilus","pool_C",-0.15706029105263,"abu"
"Pica_pica","pool_C",0.161434043932164,"abu"
"Picus_viridis","pool_C",-0.0612535843842528,"abu"
"Pluvialis_apricaria","pool_C",-0.0812989039560097,"abu"
"Podiceps_cristatus","pool_C",0.027646178803459,"abu"
"Prunella_modularis","pool_C",0.0759431180764138,"abu"
"Pyrrhula_pyrrhula","pool_C",0.26608791806222,"abu"
"Regulus_regulus","pool_C",0.23905688193904,"abu"
"Saxicola_rubetra","pool_C",0.0443208992948752,"abu"
"Scolopax_rusticola","pool_C",0.211624566568013,"abu"
"Sitta_europaea","pool_C",0.238430526850814,"abu"
"Sterna_hirundo","pool_C",0.182488838772067,"abu"
"Sturnus_vulgaris","pool_C",-0.178614224793072,"abu"
"Sylvia_atricapilla","pool_C",-0.0409716050892465,"abu"
"Sylvia_borin","pool_C",0.0575253331389781,"abu"
"Sylvia_communis","pool_C",0.154492870440125,"abu"
"Sylvia_curruca","pool_C",0.198716226356848,"abu"
"Tetrao_tetrix","pool_C",-0.0300940088298187,"abu"
"Tetrao_urogallus","pool_C",0.292544463044732,"abu"
"Tringa_glareola","pool_C",0.152723506393035,"abu"
"Tringa_nebularia","pool_C",0.251552939447778,"abu"
"Tringa_ochropus","pool_C",0.0963116588035988,"abu"
"Tringa_totanus","pool_C",0.0122934504282559,"abu"
"Troglodytes_troglodytes","pool_C",0.184301298216926,"abu"
"Turdus_iliacus","pool_C",-0.0750258087392549,"abu"
"Turdus_merula","pool_C",0.257261423465624,"abu"
"Turdus_philomelos","pool_C",0.14126188385628,"abu"
"Turdus_pilaris","pool_C",0.122278809608968,"abu"
"Turdus_torquatus","pool_C",0.0156553680818956,"abu"
"Turdus_viscivorus","pool_C",0.173428924805682,"abu"
"Vanellus_vanellus","pool_C",0.020139488208213,"abu"
"Acrocephalus_palustris","pool_B",0.451109453472314,"abu"
"Acrocephalus_schoenobaenus","pool_B",0.146132281437994,"abu"
"Acrocephalus_scirpaceus","pool_B",0.136776449818715,"abu"
"Actitis_hypoleucos","pool_B",0.180590931173523,"abu"
"Aegithalos_caudatus","pool_B",0.336617594097202,"abu"
"Alauda_arvensis","pool_B",0.580921621460639,"abu"
"Anas_crecca","pool_B",0.0872222432600645,"abu"
"Anas_platyrhynchos","pool_B",0.537251246614078,"abu"
"Anser_anser","pool_B",0.235529316826378,"abu"
"Anthus_pratensis","pool_B",0.501270666484103,"abu"
"Anthus_trivialis","pool_B",0.477896122662102,"abu"
"Apus_apus","pool_B",0.348841498516926,"abu"
"Ardea_cinerea","pool_B",0.289314299981488,"abu"
"Aythya_fuligula","pool_B",0.476776644510368,"abu"
"Bonasa_bonasia","pool_B",-0.0430266213379237,"abu"
"Branta_canadensis","pool_B",0.157322069833567,"abu"
"Bucephala_clangula","pool_B",0.198138492301127,"abu"
"Buteo_buteo","pool_B",0.431215439921349,"abu"
"Carduelis_cannabina","pool_B",0.672497612666832,"abu"
"Carduelis_carduelis","pool_B",0.065928839131209,"abu"
"Carduelis_chloris","pool_B",0.347297682008722,"abu"
"Carduelis_flammea","pool_B",0.396200892356092,"abu"
"Carduelis_spinus","pool_B",0.339196249583147,"abu"
"Carpodacus_erythrinus","pool_B",0.204973266798806,"abu"
"Certhia_familiaris","pool_B",0.217488201730885,"abu"
"Coccothraustes_coccothraustes","pool_B",-0.111276107834236,"abu"
"Columba_livia","pool_B",0.461250972283067,"abu"
"Columba_oenas","pool_B",0.330104108944782,"abu"
"Columba_palumbus","pool_B",0.663820772835167,"abu"
"Corvus_corax","pool_B",0.22198457021299,"abu"
"Corvus_corone","pool_B",0.654661782871265,"abu"
"Corvus_monedula","pool_B",0.688286685338284,"abu"
"Cuculus_canorus","pool_B",0.167736574097255,"abu"
"Cygnus_cygnus","pool_B",0.227600256731555,"abu"
"Cygnus_olor","pool_B",0.5107500720845,"abu"
"Delichon_urbicum","pool_B",0.317624755739234,"abu"
"Dendrocopos_major","pool_B",0.352305804493395,"abu"
"Dryocopus_martius","pool_B",0.0628220267892899,"abu"
"Emberiza_citrinella","pool_B",0.393704436767754,"abu"
"Emberiza_rustica","pool_B",0.365131868814645,"abu"
"Emberiza_schoeniclus","pool_B",0.0459146618278662,"abu"
"Erithacus_rubecula","pool_B",0.648109003965497,"abu"
"Falco_tinnunculus","pool_B",0.470814886057878,"abu"
"Ficedula_hypoleuca","pool_B",0.00598912638516047,"abu"
"Fringilla_coelebs","pool_B",0.657310948241107,"abu"
"Fringilla_montifringilla","pool_B",0.78617851912804,"abu"
"Fulica_atra","pool_B",0.314922751033354,"abu"
"Gallinago_gallinago","pool_B",0.0796486484400513,"abu"
"Garrulus_glandarius","pool_B",0.385445965764268,"abu"
"Gavia_arctica","pool_B",-0.0467941958968782,"abu"
"Gavia_stellata","pool_B",0.150122156213742,"abu"
"Grus_grus","pool_B",0.256389065059283,"abu"
"Haematopus_ostralegus","pool_B",0.626425840677609,"abu"
"Hippolais_icterina","pool_B",0.327303818983363,"abu"
"Hirundo_rustica","pool_B",0.532829008646817,"abu"
"Jynx_torquilla","pool_B",0.0499536711278644,"abu"
"Lagopus_lagopus","pool_B",-0.234523376887654,"abu"
"Lanius_collurio","pool_B",0.102923912236518,"abu"
"Larus_argentatus","pool_B",0.537788671747866,"abu"
"Larus_canus","pool_B",0.412997836260753,"abu"
"Larus_marinus","pool_B",0.829859169641559,"abu"
"Larus_ridibundus","pool_B",0.452795620924164,"abu"
"Loxia_curvirostra","pool_B",0.202892238984126,"abu"
"Loxia_pytyopsittacus","pool_B",0.236393842960692,"abu"
"Lullula_arborea","pool_B",0.112854188735216,"abu"
"Luscinia_luscinia","pool_B",0.615554851090034,"abu"
"Luscinia_svecica","pool_B",0.51010458335729,"abu"
"Mergus_merganser","pool_B",0.5987292271277,"abu"
"Motacilla_alba","pool_B",0.555967143720964,"abu"
"Motacilla_flava","pool_B",0.367998839763423,"abu"
"Muscicapa_striata","pool_B",0.441653428779968,"abu"
"Numenius_arquata","pool_B",0.25404217285617,"abu"
"Numenius_phaeopus","pool_B",0.158048144604425,"abu"
"Oenanthe_oenanthe","pool_B",0.723329458216815,"abu"
"Pandion_haliaetus","pool_B",0.102612048332648,"abu"
"Parus_ater","pool_B",0.409156610085487,"abu"
"Parus_caeruleus","pool_B",0.146780633136263,"abu"
"Parus_cristatus","pool_B",0.222769451360079,"abu"
"Parus_major","pool_B",0.565424312048025,"abu"
"Parus_montanus","pool_B",0.279202384234606,"abu"
"Parus_palustris","pool_B",-0.0232406431412217,"abu"
"Passer_domesticus","pool_B",0.675408429504536,"abu"
"Passer_montanus","pool_B",-0.0653904127788466,"abu"
"Perisoreus_infaustus","pool_B",-0.342216253029976,"abu"
"Phalacrocorax_carbo","pool_B",0.327417234624223,"abu"
"Phasianus_colchicus","pool_B",0.304452356099576,"abu"
"Phoenicurus_phoenicurus","pool_B",0.448282731435454,"abu"
"Phylloscopus_collybita","pool_B",-0.00938677843358901,"abu"
"Phylloscopus_sibilatrix","pool_B",0.208826722470547,"abu"
"Phylloscopus_trochilus","pool_B",0.375220119234094,"abu"
"Pica_pica","pool_B",0.231885548137513,"abu"
"Picus_viridis","pool_B",0.00597660803900891,"abu"
"Pluvialis_apricaria","pool_B",0.656309996531785,"abu"
"Podiceps_cristatus","pool_B",0.19615491936563,"abu"
"Prunella_modularis","pool_B",0.457136016065098,"abu"
"Pyrrhula_pyrrhula","pool_B",-0.0684607690295989,"abu"
"Regulus_regulus","pool_B",0.569204186938881,"abu"
"Saxicola_rubetra","pool_B",0.280993203342308,"abu"
"Scolopax_rusticola","pool_B",0.0644241966896246,"abu"
"Sitta_europaea","pool_B",0.340025680713622,"abu"
"Sterna_hirundo","pool_B",0.138997030791091,"abu"
"Sturnus_vulgaris","pool_B",0.581891093688962,"abu"
"Sylvia_atricapilla","pool_B",0.653700210558976,"abu"
"Sylvia_borin","pool_B",0.337413602877204,"abu"
"Sylvia_communis","pool_B",0.741745178601936,"abu"
"Sylvia_curruca","pool_B",0.427529218523101,"abu"
"Tetrao_tetrix","pool_B",-0.00572465842387494,"abu"
"Tetrao_urogallus","pool_B",0.125679497172112,"abu"
"Tringa_glareola","pool_B",0.504917874747989,"abu"
"Tringa_nebularia","pool_B",0.323826649031758,"abu"
"Tringa_ochropus","pool_B",0.0690916409395525,"abu"
"Tringa_totanus","pool_B",0.316791039050133,"abu"
"Troglodytes_troglodytes","pool_B",0.629497600597669,"abu"
"Turdus_iliacus","pool_B",0.378608432826362,"abu"
"Turdus_merula","pool_B",0.780139470711238,"abu"
"Turdus_philomelos","pool_B",0.520511946780322,"abu"
"Turdus_pilaris","pool_B",0.251244252584781,"abu"
"Turdus_torquatus","pool_B",0.280228031513031,"abu"
"Turdus_viscivorus","pool_B",0.201048449054944,"abu"
"Vanellus_vanellus","pool_B",0.433527042726593,"abu"
"Acrocephalus_palustris","pool_A",0.531228602678604,"abu"
"Acrocephalus_schoenobaenus","pool_A",0.108947190926342,"abu"
"Acrocephalus_scirpaceus","pool_A",0.262234938579516,"abu"
"Actitis_hypoleucos","pool_A",0.216747815940797,"abu"
"Aegithalos_caudatus","pool_A",0.335742442285643,"abu"
"Alauda_arvensis","pool_A",0.641826219819234,"abu"
"Anas_crecca","pool_A",0.20613404002928,"abu"
"Anas_platyrhynchos","pool_A",0.576314514639165,"abu"
"Anser_anser","pool_A",0.299393072288607,"abu"
"Anthus_pratensis","pool_A",0.606692076011054,"abu"
"Anthus_trivialis","pool_A",0.550399175494247,"abu"
"Apus_apus","pool_A",0.362576078844754,"abu"
"Ardea_cinerea","pool_A",0.403935015846351,"abu"
"Aythya_fuligula","pool_A",0.454146752771762,"abu"
"Bonasa_bonasia","pool_A",-0.016283677609945,"abu"
"Branta_canadensis","pool_A",0.32108203514115,"abu"
"Bucephala_clangula","pool_A",0.428728478381236,"abu"
"Buteo_buteo","pool_A",0.397765872029111,"abu"
"Carduelis_cannabina","pool_A",0.656279930101438,"abu"
"Carduelis_carduelis","pool_A",0.0613200544670242,"abu"
"Carduelis_chloris","pool_A",0.327003241538383,"abu"
"Carduelis_flammea","pool_A",0.334071118651528,"abu"
"Carduelis_spinus","pool_A",0.323966655995346,"abu"
"Carpodacus_erythrinus","pool_A",0.362372626508184,"abu"
"Certhia_familiaris","pool_A",0.280536859709331,"abu"
"Coccothraustes_coccothraustes","pool_A",0.278185614300462,"abu"
"Columba_livia","pool_A",0.330859570211215,"abu"
"Columba_oenas","pool_A",0.478646435817892,"abu"
"Columba_palumbus","pool_A",0.778696670769355,"abu"
"Corvus_corax","pool_A",0.250106210012946,"abu"
"Corvus_corone","pool_A",0.67837437723476,"abu"
"Corvus_monedula","pool_A",0.721750109181481,"abu"
"Cuculus_canorus","pool_A",0.206649670301584,"abu"
"Cygnus_cygnus","pool_A",0.281260424621771,"abu"
"Cygnus_olor","pool_A",0.509465338523283,"abu"
"Delichon_urbicum","pool_A",0.326967865961251,"abu"
"Dendrocopos_major","pool_A",0.368233255473359,"abu"
"Dryocopus_martius","pool_A",0.155403342485773,"abu"
"Emberiza_citrinella","pool_A",0.531671514315983,"abu"
"Emberiza_rustica","pool_A",0.833339772994338,"abu"
"Emberiza_schoeniclus","pool_A",0.247106190632747,"abu"
"Erithacus_rubecula","pool_A",0.71173728654126,"abu"
"Falco_tinnunculus","pool_A",0.58636631654934,"abu"
"Ficedula_hypoleuca","pool_A",0.110809657158354,"abu"
"Fringilla_coelebs","pool_A",0.701347719326482,"abu"
"Fringilla_montifringilla","pool_A",0.77679699890758,"abu"
"Fulica_atra","pool_A",0.396268930614118,"abu"
"Gallinago_gallinago","pool_A",0.229062207575495,"abu"
"Garrulus_glandarius","pool_A",0.471784104873513,"abu"
"Gavia_arctica","pool_A",-0.0732271692093007,"abu"
"Gavia_stellata","pool_A",0.0864498378430855,"abu"
"Grus_grus","pool_A",0.327975458379712,"abu"
"Haematopus_ostralegus","pool_A",0.619165816981572,"abu"
"Hippolais_icterina","pool_A",0.432900264197314,"abu"
"Hirundo_rustica","pool_A",0.51112110244341,"abu"
"Jynx_torquilla","pool_A",0.0421933594180872,"abu"
"Lagopus_lagopus","pool_A",-0.114375656434998,"abu"
"Lanius_collurio","pool_A",0.114799017785304,"abu"
"Larus_argentatus","pool_A",0.54187083789805,"abu"
"Larus_canus","pool_A",0.426415646861164,"abu"
"Larus_marinus","pool_A",0.708976405078649,"abu"
"Larus_ridibundus","pool_A",0.551282465013124,"abu"
"Loxia_curvirostra","pool_A",0.26157978278949,"abu"
"Loxia_pytyopsittacus","pool_A",0.29720369621081,"abu"
"Lullula_arborea","pool_A",0.0656193747709985,"abu"
"Luscinia_luscinia","pool_A",0.63415830886191,"abu"
"Luscinia_svecica","pool_A",0.137363831636419,"abu"
"Mergus_merganser","pool_A",0.597141157720364,"abu"
"Motacilla_alba","pool_A",0.512468461833021,"abu"
"Motacilla_flava","pool_A",0.507059852639542,"abu"
"Muscicapa_striata","pool_A",0.472608746310491,"abu"
"Numenius_arquata","pool_A",0.388715210893487,"abu"
"Numenius_phaeopus","pool_A",0.269748994407653,"abu"
"Oenanthe_oenanthe","pool_A",0.72593386408893,"abu"
"Pandion_haliaetus","pool_A",0.265717314046784,"abu"
"Parus_ater","pool_A",0.498190801047742,"abu"
"Parus_caeruleus","pool_A",0.280508159872326,"abu"
"Parus_cristatus","pool_A",0.214471080050037,"abu"
"Parus_major","pool_A",0.673555851434846,"abu"
"Parus_montanus","pool_A",0.275098272286675,"abu"
"Parus_palustris","pool_A",0.13255244900916,"abu"
"Passer_domesticus","pool_A",0.634535406035955,"abu"
"Passer_montanus","pool_A",0.071235938358766,"abu"
"Perisoreus_infaustus","pool_A",0.345039313828267,"abu"
"Phalacrocorax_carbo","pool_A",0.314603847473949,"abu"
"Phasianus_colchicus","pool_A",0.458101213885543,"abu"
"Phoenicurus_phoenicurus","pool_A",0.506101515074215,"abu"
"Phylloscopus_collybita","pool_A",-0.0476417531917502,"abu"
"Phylloscopus_sibilatrix","pool_A",0.214688804453513,"abu"
"Phylloscopus_trochilus","pool_A",0.454989445577209,"abu"
"Pica_pica","pool_A",0.316015450776672,"abu"
"Picus_viridis","pool_A",-0.118424547995182,"abu"
"Pluvialis_apricaria","pool_A",0.735219776904623,"abu"
"Podiceps_cristatus","pool_A",0.405101618031115,"abu"
"Prunella_modularis","pool_A",0.44674718355479,"abu"
"Pyrrhula_pyrrhula","pool_A",0.0671893473363393,"abu"
"Regulus_regulus","pool_A",0.553714908342601,"abu"
"Saxicola_rubetra","pool_A",0.354818353132488,"abu"
"Scolopax_rusticola","pool_A",0.0628942376304233,"abu"
"Sitta_europaea","pool_A",0.315550636322031,"abu"
"Sterna_hirundo","pool_A",0.2447056716369,"abu"
"Sturnus_vulgaris","pool_A",0.609456406830753,"abu"
"Sylvia_atricapilla","pool_A",0.733599629108867,"abu"
"Sylvia_borin","pool_A",0.471723629860741,"abu"
"Sylvia_communis","pool_A",0.78587119221422,"abu"
"Sylvia_curruca","pool_A",0.408642861061773,"abu"
"Tetrao_tetrix","pool_A",0.0213695431734124,"abu"
"Tetrao_urogallus","pool_A",0.201358998395215,"abu"
"Tringa_glareola","pool_A",0.581046948669686,"abu"
"Tringa_nebularia","pool_A",0.429222425254509,"abu"
"Tringa_ochropus","pool_A",0.143879689475824,"abu"
"Tringa_totanus","pool_A",0.308282413955872,"abu"
"Troglodytes_troglodytes","pool_A",0.646164237455172,"abu"
"Turdus_iliacus","pool_A",0.500804130486893,"abu"
"Turdus_merula","pool_A",0.777998693008179,"abu"
"Turdus_philomelos","pool_A",0.612003560283442,"abu"
"Turdus_pilaris","pool_A",0.281319813412124,"abu"
"Turdus_torquatus","pool_A",0.624131931253712,"abu"
"Turdus_viscivorus","pool_A",0.398668099138572,"abu"
"Vanellus_vanellus","pool_A",0.430642494771272,"abu"
"Acrocephalus_palustris","pool_C",0.330453915687373,"pa"
"Acrocephalus_schoenobaenus","pool_C",0.150903144927117,"pa"
"Acrocephalus_scirpaceus","pool_C",-0.239207668479298,"pa"
"Actitis_hypoleucos","pool_C",0.111624574153335,"pa"
"Aegithalos_caudatus","pool_C",-0.0159963841652343,"pa"
"Alauda_arvensis","pool_C",-0.290416306678125,"pa"
"Anas_crecca","pool_C",-0.223363931625545,"pa"
"Anas_platyrhynchos","pool_C",0.015097798627341,"pa"
"Anser_anser","pool_C",0.440706610997569,"pa"
"Anthus_pratensis","pool_C",0.11581688482487,"pa"
"Anthus_trivialis","pool_C",-0.175368234701059,"pa"
"Apus_apus","pool_C",0.150010201464384,"pa"
"Ardea_cinerea","pool_C",-0.266075739955628,"pa"
"Aythya_fuligula","pool_C",-0.03786733258989,"pa"
"Bonasa_bonasia","pool_C",-0.297934928595805,"pa"
"Branta_canadensis","pool_C",-0.0226509970224661,"pa"
"Bucephala_clangula","pool_C",0.139908975017333,"pa"
"Buteo_buteo","pool_C",0.2047788375561,"pa"
"Carduelis_cannabina","pool_C",-0.212070123708745,"pa"
"Carduelis_carduelis","pool_C",0.368379507212575,"pa"
"Carduelis_chloris","pool_C",-0.0554043887782054,"pa"
"Carduelis_flammea","pool_C",0.0608564188285175,"pa"
"Carduelis_spinus","pool_C",-0.0199892781929751,"pa"
"Carpodacus_erythrinus","pool_C",0.199091982672318,"pa"
"Certhia_familiaris","pool_C",7.22232794811292e-05,"pa"
"Coccothraustes_coccothraustes","pool_C",0.173074046574401,"pa"
"Columba_livia","pool_C",0.280271056844668,"pa"
"Columba_oenas","pool_C",0.00980896356511282,"pa"
"Columba_palumbus","pool_C",-0.0300419366886156,"pa"
"Corvus_corax","pool_C",-0.0844119485196914,"pa"
"Corvus_corone","pool_C",0.190750763535893,"pa"
"Corvus_monedula","pool_C",0.224802318673588,"pa"
"Cuculus_canorus","pool_C",-0.0160031478185166,"pa"
"Cygnus_cygnus","pool_C",0.0250744383943143,"pa"
"Cygnus_olor","pool_C",0.0550512027011423,"pa"
"Delichon_urbicum","pool_C",-0.0425181179959135,"pa"
"Dendrocopos_major","pool_C",-0.0223741113117906,"pa"
"Dryocopus_martius","pool_C",0.102231177167334,"pa"
"Emberiza_citrinella","pool_C",-0.127912217412618,"pa"
"Emberiza_rustica","pool_C",0.0268335813843789,"pa"
"Emberiza_schoeniclus","pool_C",-0.0351892240743052,"pa"
"Erithacus_rubecula","pool_C",0.289211097501298,"pa"
"Falco_tinnunculus","pool_C",-0.156632272857651,"pa"
"Ficedula_hypoleuca","pool_C",0.0260476314678101,"pa"
"Fringilla_coelebs","pool_C",0.51843133698914,"pa"
"Fringilla_montifringilla","pool_C",0.369383035553709,"pa"
"Fulica_atra","pool_C",-0.204606576051731,"pa"
"Gallinago_gallinago","pool_C",-0.173984607275426,"pa"
"Garrulus_glandarius","pool_C",0.0211835720691122,"pa"
"Gavia_arctica","pool_C",-0.10631652109633,"pa"
"Gavia_stellata","pool_C",-0.0821315869441099,"pa"
"Grus_grus","pool_C",-0.00673554920279301,"pa"
"Haematopus_ostralegus","pool_C",-0.172143112285461,"pa"
"Hippolais_icterina","pool_C",0.013169977880327,"pa"
"Hirundo_rustica","pool_C",0.134663812096767,"pa"
"Jynx_torquilla","pool_C",-0.001892463903842,"pa"
"Lagopus_lagopus","pool_C",0.0504475847842115,"pa"
"Lanius_collurio","pool_C",0.048918331842001,"pa"
"Larus_argentatus","pool_C",0.0700137845175091,"pa"
"Larus_canus","pool_C",0.11537490903108,"pa"
"Larus_marinus","pool_C",-0.388032221374987,"pa"
"Larus_ridibundus","pool_C",0.147180933412769,"pa"
"Loxia_curvirostra","pool_C",-0.0177757946877508,"pa"
"Loxia_pytyopsittacus","pool_C",-0.039779665704257,"pa"
"Lullula_arborea","pool_C",0.106890654467949,"pa"
"Luscinia_luscinia","pool_C",-0.188775333089534,"pa"
"Luscinia_svecica","pool_C",0.320710148249245,"pa"
"Mergus_merganser","pool_C",0.270551288013286,"pa"
"Motacilla_alba","pool_C",0.235555029373795,"pa"
"Motacilla_flava","pool_C",0.264270762056832,"pa"
"Muscicapa_striata","pool_C",0.125183858585891,"pa"
"Numenius_arquata","pool_C",0.207781360079457,"pa"
"Numenius_phaeopus","pool_C",-0.247921708135754,"pa"
"Oenanthe_oenanthe","pool_C",0.150083611631448,"pa"
"Pandion_haliaetus","pool_C",0.0886659098094285,"pa"
"Parus_ater","pool_C",-0.0521604416580615,"pa"
"Parus_caeruleus","pool_C",-0.0896469110844598,"pa"
"Parus_cristatus","pool_C",-0.0379720076145678,"pa"
"Parus_major","pool_C",0.40355507872488,"pa"
"Parus_montanus","pool_C",0.0199319329106028,"pa"
"Parus_palustris","pool_C",-0.0291398706188839,"pa"
"Passer_domesticus","pool_C",0.107285054842498,"pa"
"Passer_montanus","pool_C",-0.131953173538278,"pa"
"Perisoreus_infaustus","pool_C",0.067926286380536,"pa"
"Phalacrocorax_carbo","pool_C",0.117188302360956,"pa"
"Phasianus_colchicus","pool_C",-0.0990948768299539,"pa"
"Phoenicurus_phoenicurus","pool_C",0.170690356045719,"pa"
"Phylloscopus_collybita","pool_C",0.0811250593037703,"pa"
"Phylloscopus_sibilatrix","pool_C",-0.0971914884804168,"pa"
"Phylloscopus_trochilus","pool_C",0.00867908858551546,"pa"
"Pica_pica","pool_C",-0.177336816164065,"pa"
"Picus_viridis","pool_C",-0.0109975122974276,"pa"
"Pluvialis_apricaria","pool_C",0.103395032663775,"pa"
"Podiceps_cristatus","pool_C",-0.0215960745513582,"pa"
"Prunella_modularis","pool_C",0.0135601344403818,"pa"
"Pyrrhula_pyrrhula","pool_C",0.155158881506092,"pa"
"Regulus_regulus","pool_C",-0.099663735155947,"pa"
"Saxicola_rubetra","pool_C",-0.0243704690124059,"pa"
"Scolopax_rusticola","pool_C",0.0609460866755967,"pa"
"Sitta_europaea","pool_C",0.020607237491144,"pa"
"Sterna_hirundo","pool_C",0.0348463879922666,"pa"
"Sturnus_vulgaris","pool_C",-0.0518964314448796,"pa"
"Sylvia_atricapilla","pool_C",0.262485626416075,"pa"
"Sylvia_borin","pool_C",0.162792604295747,"pa"
"Sylvia_communis","pool_C",0.00637431154309112,"pa"
"Sylvia_curruca","pool_C",0.172155767570536,"pa"
"Tetrao_tetrix","pool_C",0.0299520307405881,"pa"
"Tetrao_urogallus","pool_C",0.0439127266713035,"pa"
"Tringa_glareola","pool_C",0.0560105149726399,"pa"
"Tringa_nebularia","pool_C",0.160368263165106,"pa"
"Tringa_ochropus","pool_C",0.0569464684504349,"pa"
"Tringa_totanus","pool_C",-0.0495141181056964,"pa"
"Troglodytes_troglodytes","pool_C",0.0688996586893074,"pa"
"Turdus_iliacus","pool_C",0.0160716947425443,"pa"
"Turdus_merula","pool_C",0.3652394685519,"pa"
"Turdus_philomelos","pool_C",0.162073691587193,"pa"
"Turdus_pilaris","pool_C",-0.00486356309435039,"pa"
"Turdus_torquatus","pool_C",-0.253696420598523,"pa"
"Turdus_viscivorus","pool_C",-0.0709129545257411,"pa"
"Vanellus_vanellus","pool_C",-0.00691209099646346,"pa"
"Acrocephalus_palustris","pool_B",0.814384760018327,"pa"
"Acrocephalus_schoenobaenus","pool_B",0.343795541206452,"pa"
"Acrocephalus_scirpaceus","pool_B",0.347446628630189,"pa"
"Actitis_hypoleucos","pool_B",0.123778455828812,"pa"
"Aegithalos_caudatus","pool_B",0.406817165046099,"pa"
"Alauda_arvensis","pool_B",0.839919621380053,"pa"
"Anas_crecca","pool_B",0.297743657187451,"pa"
"Anas_platyrhynchos","pool_B",0.613580346414303,"pa"
"Anser_anser","pool_B",0.73519198071817,"pa"
"Anthus_pratensis","pool_B",0.631997358929035,"pa"
"Anthus_trivialis","pool_B",0.45529445845115,"pa"
"Apus_apus","pool_B",0.625082206366039,"pa"
"Ardea_cinerea","pool_B",0.359585726523779,"pa"
"Aythya_fuligula","pool_B",0.550432056795117,"pa"
"Bonasa_bonasia","pool_B",0.355329193507464,"pa"
"Branta_canadensis","pool_B",0.429698388557481,"pa"
"Bucephala_clangula","pool_B",0.285521753612376,"pa"
"Buteo_buteo","pool_B",0.613061857406585,"pa"
"Carduelis_cannabina","pool_B",0.786448370133852,"pa"
"Carduelis_carduelis","pool_B",0.618403357431965,"pa"
"Carduelis_chloris","pool_B",0.733114411027676,"pa"
"Carduelis_flammea","pool_B",0.645309828510527,"pa"
"Carduelis_spinus","pool_B",0.544329537685619,"pa"
"Carpodacus_erythrinus","pool_B",0.341167932721481,"pa"
"Certhia_familiaris","pool_B",0.595608615057464,"pa"
"Coccothraustes_coccothraustes","pool_B",0.671787358000446,"pa"
"Columba_livia","pool_B",0.392967071516907,"pa"
"Columba_oenas","pool_B",0.430730442225793,"pa"
"Columba_palumbus","pool_B",0.837930626964858,"pa"
"Corvus_corax","pool_B",0.0979995240204973,"pa"
"Corvus_corone","pool_B",0.701251239403166,"pa"
"Corvus_monedula","pool_B",0.803220217979043,"pa"
"Cuculus_canorus","pool_B",0.215548237993512,"pa"
"Cygnus_cygnus","pool_B",0.285967413137273,"pa"
"Cygnus_olor","pool_B",0.775668211607303,"pa"
"Delichon_urbicum","pool_B",0.640051646832784,"pa"
"Dendrocopos_major","pool_B",0.674666068339529,"pa"
"Dryocopus_martius","pool_B",0.584527607489707,"pa"
"Emberiza_citrinella","pool_B",0.805427123810719,"pa"
"Emberiza_rustica","pool_B",0.492471186897429,"pa"
"Emberiza_schoeniclus","pool_B",0.223754262706823,"pa"
"Erithacus_rubecula","pool_B",0.662942910263791,"pa"
"Falco_tinnunculus","pool_B",0.190366643740338,"pa"
"Ficedula_hypoleuca","pool_B",0.46190214861804,"pa"
"Fringilla_coelebs","pool_B",0.823945694673772,"pa"
"Fringilla_montifringilla","pool_B",0.828978866599341,"pa"
"Fulica_atra","pool_B",0.494757051755218,"pa"
"Gallinago_gallinago","pool_B",0.376081042575161,"pa"
"Garrulus_glandarius","pool_B",0.633194876907134,"pa"
"Gavia_arctica","pool_B",0.161298621840159,"pa"
"Gavia_stellata","pool_B",0.100009624170822,"pa"
"Grus_grus","pool_B",0.430600839387139,"pa"
"Haematopus_ostralegus","pool_B",0.690086523916721,"pa"
"Hippolais_icterina","pool_B",0.460582270109665,"pa"
"Hirundo_rustica","pool_B",0.70857602653327,"pa"
"Jynx_torquilla","pool_B",0.179594055272804,"pa"
"Lagopus_lagopus","pool_B",0.740121095843086,"pa"
"Lanius_collurio","pool_B",0.523991873468892,"pa"
"Larus_argentatus","pool_B",0.733094993406604,"pa"
"Larus_canus","pool_B",0.420027530619969,"pa"
"Larus_marinus","pool_B",0.782851504938432,"pa"
"Larus_ridibundus","pool_B",0.694282478619986,"pa"
"Loxia_curvirostra","pool_B",0.574815496386156,"pa"
"Loxia_pytyopsittacus","pool_B",0.404041682012156,"pa"
"Lullula_arborea","pool_B",0.40619453602284,"pa"
"Luscinia_luscinia","pool_B",0.654403331552148,"pa"
"Luscinia_svecica","pool_B",0.683355782106056,"pa"
"Mergus_merganser","pool_B",0.545632043762322,"pa"
"Motacilla_alba","pool_B",0.772446682881787,"pa"
"Motacilla_flava","pool_B",0.54511447672112,"pa"
"Muscicapa_striata","pool_B",0.312177312570552,"pa"
"Numenius_arquata","pool_B",0.295820432880897,"pa"
"Numenius_phaeopus","pool_B",0.727815133284656,"pa"
"Oenanthe_oenanthe","pool_B",0.642309086824324,"pa"
"Pandion_haliaetus","pool_B",0.248727866371823,"pa"
"Parus_ater","pool_B",0.678641472415264,"pa"
"Parus_caeruleus","pool_B",0.760607617874749,"pa"
"Parus_cristatus","pool_B",0.566398958033901,"pa"
"Parus_major","pool_B",0.828706470788397,"pa"
"Parus_montanus","pool_B",0.488782710430014,"pa"
"Parus_palustris","pool_B",0.502297608608188,"pa"
"Passer_domesticus","pool_B",0.56156097974081,"pa"
"Passer_montanus","pool_B",0.666164960864547,"pa"
"Perisoreus_infaustus","pool_B",0.717615846567533,"pa"
"Phalacrocorax_carbo","pool_B",0.790909209941662,"pa"
"Phasianus_colchicus","pool_B",0.703063507642786,"pa"
"Phoenicurus_phoenicurus","pool_B",0.377293524701436,"pa"
"Phylloscopus_collybita","pool_B",0.144844920960493,"pa"
"Phylloscopus_sibilatrix","pool_B",0.531483524022017,"pa"
"Phylloscopus_trochilus","pool_B",0.164357994660111,"pa"
"Pica_pica","pool_B",0.706446123206585,"pa"
"Picus_viridis","pool_B",0.468253721523115,"pa"
"Pluvialis_apricaria","pool_B",0.641458487154033,"pa"
"Podiceps_cristatus","pool_B",0.254299492133076,"pa"
"Prunella_modularis","pool_B",0.350870113806307,"pa"
"Pyrrhula_pyrrhula","pool_B",0.432025160679967,"pa"
"Regulus_regulus","pool_B",0.698606690335954,"pa"
"Saxicola_rubetra","pool_B",0.546801238997233,"pa"
"Scolopax_rusticola","pool_B",0.206930536994486,"pa"
"Sitta_europaea","pool_B",0.633533670920923,"pa"
"Sterna_hirundo","pool_B",0.279564905199539,"pa"
"Sturnus_vulgaris","pool_B",0.81627165018881,"pa"
"Sylvia_atricapilla","pool_B",0.879885769303497,"pa"
"Sylvia_borin","pool_B",0.752714026299865,"pa"
"Sylvia_communis","pool_B",0.765851765942443,"pa"
"Sylvia_curruca","pool_B",0.681616652626101,"pa"
"Tetrao_tetrix","pool_B",0.394122064394023,"pa"
"Tetrao_urogallus","pool_B",0.524307030473143,"pa"
"Tringa_glareola","pool_B",0.740553344059666,"pa"
"Tringa_nebularia","pool_B",0.78214886035304,"pa"
"Tringa_ochropus","pool_B",0.601109541958411,"pa"
"Tringa_totanus","pool_B",0.530401824954388,"pa"
"Troglodytes_troglodytes","pool_B",0.789813485484113,"pa"
"Turdus_iliacus","pool_B",0.596088431289855,"pa"
"Turdus_merula","pool_B",0.87468485417208,"pa"
"Turdus_philomelos","pool_B",0.555405795838182,"pa"
"Turdus_pilaris","pool_B",0.287762144869108,"pa"
"Turdus_torquatus","pool_B",0.957934667772157,"pa"
"Turdus_viscivorus","pool_B",0.54783204565843,"pa"
"Vanellus_vanellus","pool_B",0.699466813318454,"pa"
"Acrocephalus_palustris","pool_A",0.815310701797898,"pa"
"Acrocephalus_schoenobaenus","pool_A",0.316354945947502,"pa"
"Acrocephalus_scirpaceus","pool_A",0.426461208419369,"pa"
"Actitis_hypoleucos","pool_A",0.162839364805504,"pa"
"Aegithalos_caudatus","pool_A",0.398826614877077,"pa"
"Alauda_arvensis","pool_A",0.856491706991893,"pa"
"Anas_crecca","pool_A",0.334301445915925,"pa"
"Anas_platyrhynchos","pool_A",0.656324444520454,"pa"
"Anser_anser","pool_A",0.728045460410516,"pa"
"Anthus_pratensis","pool_A",0.683297361091378,"pa"
"Anthus_trivialis","pool_A",0.552662024899032,"pa"
"Apus_apus","pool_A",0.630062713852386,"pa"
"Ardea_cinerea","pool_A",0.347467481923332,"pa"
"Aythya_fuligula","pool_A",0.598472538487798,"pa"
"Bonasa_bonasia","pool_A",0.362723637431774,"pa"
"Branta_canadensis","pool_A",0.504047364463231,"pa"
"Bucephala_clangula","pool_A",0.365070804360273,"pa"
"Buteo_buteo","pool_A",0.6492683873279,"pa"
"Carduelis_cannabina","pool_A",0.830083810873232,"pa"
"Carduelis_carduelis","pool_A",0.617836942888691,"pa"
"Carduelis_chloris","pool_A",0.767734537597663,"pa"
"Carduelis_flammea","pool_A",0.647372265711626,"pa"
"Carduelis_spinus","pool_A",0.570947747079302,"pa"
"Carpodacus_erythrinus","pool_A",0.21262755624317,"pa"
"Certhia_familiaris","pool_A",0.610406874658294,"pa"
"Coccothraustes_coccothraustes","pool_A",0.659275631647507,"pa"
"Columba_livia","pool_A",0.364083231073811,"pa"
"Columba_oenas","pool_A",0.509320731922818,"pa"
"Columba_palumbus","pool_A",0.87182161384492,"pa"
"Corvus_corax","pool_A",0.158285173537578,"pa"
"Corvus_corone","pool_A",0.716262662062944,"pa"
"Corvus_monedula","pool_A",0.829739277254358,"pa"
"Cuculus_canorus","pool_A",0.283757156930224,"pa"
"Cygnus_cygnus","pool_A",0.331661033782618,"pa"
"Cygnus_olor","pool_A",0.796757107223936,"pa"
"Delichon_urbicum","pool_A",0.582067565630042,"pa"
"Dendrocopos_major","pool_A",0.67561742557485,"pa"
"Dryocopus_martius","pool_A",0.636799200057795,"pa"
"Emberiza_citrinella","pool_A",0.84010028810285,"pa"
"Emberiza_rustica","pool_A",0.570955714312032,"pa"
"Emberiza_schoeniclus","pool_A",0.258245731879823,"pa"
"Erithacus_rubecula","pool_A",0.676291180776484,"pa"
"Falco_tinnunculus","pool_A",0.177257833295892,"pa"
"Ficedula_hypoleuca","pool_A",0.433590804529071,"pa"
"Fringilla_coelebs","pool_A",0.84046194902722,"pa"
"Fringilla_montifringilla","pool_A",0.82702847166212,"pa"
"Fulica_atra","pool_A",0.550794259377859,"pa"
"Gallinago_gallinago","pool_A",0.436535336769468,"pa"
"Garrulus_glandarius","pool_A",0.712122578155899,"pa"
"Gavia_arctica","pool_A",0.196918451673387,"pa"
"Gavia_stellata","pool_A",0.176428458622874,"pa"
"Grus_grus","pool_A",0.515521661046924,"pa"
"Haematopus_ostralegus","pool_A",0.668358940186638,"pa"
"Hippolais_icterina","pool_A",0.457636434149736,"pa"
"Hirundo_rustica","pool_A",0.720770939906874,"pa"
"Jynx_torquilla","pool_A",0.216711462803183,"pa"
"Lagopus_lagopus","pool_A",0.760410257819381,"pa"
"Lanius_collurio","pool_A",0.506136340011805,"pa"
"Larus_argentatus","pool_A",0.765965010996628,"pa"
"Larus_canus","pool_A",0.412992930582661,"pa"
"Larus_marinus","pool_A",0.742447107404845,"pa"
"Larus_ridibundus","pool_A",0.672242112317842,"pa"
"Loxia_curvirostra","pool_A",0.575607194516815,"pa"
"Loxia_pytyopsittacus","pool_A",0.396735310251144,"pa"
"Lullula_arborea","pool_A",0.427111405713332,"pa"
"Luscinia_luscinia","pool_A",0.658757114505919,"pa"
"Luscinia_svecica","pool_A",0.700388288503091,"pa"
"Mergus_merganser","pool_A",0.611016041386253,"pa"
"Motacilla_alba","pool_A",0.787841466556955,"pa"
"Motacilla_flava","pool_A",0.575823748071815,"pa"
"Muscicapa_striata","pool_A",0.362336618071596,"pa"
"Numenius_arquata","pool_A",0.254994741107535,"pa"
"Numenius_phaeopus","pool_A",0.725094594388816,"pa"
"Oenanthe_oenanthe","pool_A",0.649761860817107,"pa"
"Pandion_haliaetus","pool_A",0.199976413536634,"pa"
"Parus_ater","pool_A",0.690147729763888,"pa"
"Parus_caeruleus","pool_A",0.786411283432998,"pa"
"Parus_cristatus","pool_A",0.574346530925544,"pa"
"Parus_major","pool_A",0.865336595395773,"pa"
"Parus_montanus","pool_A",0.501997359513111,"pa"
"Parus_palustris","pool_A",0.53451810770547,"pa"
"Passer_domesticus","pool_A",0.586093226688685,"pa"
"Passer_montanus","pool_A",0.711277736965468,"pa"
"Perisoreus_infaustus","pool_A",0.783511414463701,"pa"
"Phalacrocorax_carbo","pool_A",0.769907283953726,"pa"
"Phasianus_colchicus","pool_A",0.765850908395333,"pa"
"Phoenicurus_phoenicurus","pool_A",0.382214342709085,"pa"
"Phylloscopus_collybita","pool_A",0.24193625042953,"pa"
"Phylloscopus_sibilatrix","pool_A",0.553946251016025,"pa"
"Phylloscopus_trochilus","pool_A",0.544122263551856,"pa"
"Pica_pica","pool_A",0.704084359251148,"pa"
"Picus_viridis","pool_A",0.52220064875317,"pa"
"Pluvialis_apricaria","pool_A",0.659824676485748,"pa"
"Podiceps_cristatus","pool_A",0.369195105269611,"pa"
"Prunella_modularis","pool_A",0.433251956554804,"pa"
"Pyrrhula_pyrrhula","pool_A",0.430747500503814,"pa"
"Regulus_regulus","pool_A",0.724415947701125,"pa"
"Saxicola_rubetra","pool_A",0.539524607859102,"pa"
"Scolopax_rusticola","pool_A",0.258345778597431,"pa"
"Sitta_europaea","pool_A",0.63779828301518,"pa"
"Sterna_hirundo","pool_A",0.358639556528048,"pa"
"Sturnus_vulgaris","pool_A",0.838435254022165,"pa"
"Sylvia_atricapilla","pool_A",0.899806135201879,"pa"
"Sylvia_borin","pool_A",0.75008597728916,"pa"
"Sylvia_communis","pool_A",0.767204845856254,"pa"
"Sylvia_curruca","pool_A",0.679682699820693,"pa"
"Tetrao_tetrix","pool_A",0.409007848214909,"pa"
"Tetrao_urogallus","pool_A",0.521645675723439,"pa"
"Tringa_glareola","pool_A",0.776870504221151,"pa"
"Tringa_nebularia","pool_A",0.774921763234874,"pa"
"Tringa_ochropus","pool_A",0.612223565016342,"pa"
"Tringa_totanus","pool_A",0.507412406928389,"pa"
"Troglodytes_troglodytes","pool_A",0.797642452717387,"pa"
"Turdus_iliacus","pool_A",0.651474771567654,"pa"
"Turdus_merula","pool_A",0.872444449266331,"pa"
"Turdus_philomelos","pool_A",0.585500335693684,"pa"
"Turdus_pilaris","pool_A",0.27667981357571,"pa"
"Turdus_torquatus","pool_A",0.927384667968656,"pa"
"Turdus_viscivorus","pool_A",0.571725729070005,"pa"
"Vanellus_vanellus","pool_A",0.69667108165624,"pa"
